time,Liver_oc_infest,length,prey_parasitation,weight
0.0,0.0,,,
0.0,,442.0,,950.0
201600.0,0.0,,,
201600.0,,499.50731205806767,,1494.635009992862
