time,length,weight
0.0,442.0,715.0
201600.0,470.42521292812665,886.719259999542
