time,length,weight
0.0,442.0,715.0
201600.0,470.32273155572204,885.7913899995492
