time,length,weight
0.0,442.0,715.0
201600.0,471.3907211041606,894.8651299994815
