time,length,weight
0.0,442.0,715.0
201600.0,473.3805175216828,912.6261799993465
