time,length,weight
0.0,442.0,715.0
201600.0,472.80458019839193,908.3539499993811
