time,length,weight
0.0,442.0,715.0
201600.0,472.2054713079628,903.3505299994246
