time,length,weight
0.0,442.0,715.0
201600.0,469.5280389997876,878.8406099996066
