time,length,weight
0.0,442.0,715.0
201600.0,471.1965096581156,894.4405899994874
