time,length,weight
0.0,442.0,715.0
201600.0,471.12258081422914,891.3145599995155
