time,length,weight
0.0,442.0,715.0
201600.0,470.071469848541,884.8815299995631
