time,length,weight
0.0,442.0,715.0
201600.0,470.0287364343485,883.4036099995769
