time,length,weight
0.0,442.0,715.0
201600.0,469.33234605580657,878.0040699996125
