time,length,weight
0.0,442.0,715.0
201600.0,470.2355684632754,885.1279999995603
