time,length,weight
0.0,442.0,715.0
201600.0,472.59138905255895,905.6811599994036
