time,length,weight
0.0,442.0,715.0
201600.0,473.2740439812383,912.0969799993629
