time,length,weight
0.0,442.0,715.0
201600.0,470.42587493650547,886.4040699995508
