time,length,weight
0.0,442.0,715.0
201600.0,471.6552714041924,897.2047399994656
