time,length,weight
0.0,442.0,715.0
201600.0,472.23091654705627,902.5644299994256
