time,length,weight
0.0,442.0,715.0
201600.0,516.7479399937794,1373.8150799932362
