time,length,weight
0.0,442.0,715.0
201600.0,517.0453806488124,1375.895949993405
