time,length,weight
0.0,442.0,715.0
201600.0,516.9942713298691,1377.5471099934248
