time,length,weight
0.0,442.0,715.0
201600.0,518.4037121129508,1395.443609992922
