time,length,weight
0.0,442.0,715.0
201600.0,516.1684910765633,1368.407649993444
