time,length,weight
0.0,442.0,715.0
201600.0,519.6246286658851,1410.6482799927692
