time,length,weight
0.0,442.0,715.0
201600.0,517.5765537257503,1382.8575799934185
