time,length,weight
0.0,442.0,715.0
201600.0,516.9571934697033,1378.3116699933603
