time,length,weight
0.0,442.0,715.0
201600.0,517.0482274435291,1380.6926899933974
