time,length,weight
0.0,442.0,715.0
201600.0,517.3355580929692,1383.2201699934344
