time,length,weight
0.0,442.0,715.0
201600.0,515.3413474798783,1357.1770799935157
