time,length,weight
0.0,442.0,715.0
201600.0,517.281178570895,1382.8914299928615
