time,length,weight
0.0,442.0,715.0
201600.0,518.8343135240397,1401.9823599933873
