time,length,weight
0.0,442.0,715.0
201600.0,517.2650626959025,1382.2211799934316
