time,length,weight
0.0,442.0,715.0
201600.0,517.2271672678562,1381.9459699932418
