time,length,weight
0.0,442.0,715.0
201600.0,516.8978758469301,1377.8561299934743
