time,length,weight
0.0,442.0,715.0
201600.0,518.9223030241392,1398.785629993443
