time,length,weight
0.0,442.0,715.0
201600.0,517.8460407399775,1387.7482299933502
