time,Liver_oc_infest,length,prey_parasitation,weight
0.0,0.0,,,
0.0,,442.0,,864.0
201600.0,2.3330466229774873,,,
201600.0,,523.9628245601908,,1721.185869989408
