time,Liver_oc_infest,length,prey_parasitation,weight
0.0,0.0,,,
0.0,,442.0,,864.0
201600.0,2.2576878867987697,,,
201600.0,,526.4124205107951,,1749.0132199892494
