time,Liver_oc_infest,length,prey_parasitation,weight
0.0,0.0,,,
0.0,,442.0,,864.0
201600.0,2.4184509417829614,,,
201600.0,,527.8809539804354,,1763.8228699892938
