time,Liver_oc_infest,length,prey_parasitation,weight
0.0,0.0,,,
0.0,,442.0,,864.0
201600.0,2.4356032190817674,,,
201600.0,,526.0402448779716,,1745.4828199893266
