time,Liver_oc_infest,length,prey_parasitation,weight
0.0,0.0,,,
0.0,,442.0,,864.0
201600.0,1.8911353886123337,,,
201600.0,,524.9328262682268,,1734.5972199894084
