time,Liver_oc_infest,length,prey_parasitation,weight
0.0,0.0,,,
0.0,,442.0,,864.0
201600.0,2.4786980106520864,,,
201600.0,,523.8176585849843,,1723.1584499895403
