time,Liver_oc_infest,length,prey_parasitation,weight
0.0,0.0,,,
0.0,,442.0,,864.0
201600.0,2.3801259250542364,,,
201600.0,,523.9938956994899,,1719.0039699893084
