time,Liver_oc_infest,length,prey_parasitation,weight
0.0,0.0,,,
0.0,,442.0,,864.0
201600.0,2.3570399671874536,,,
201600.0,,524.1167766698691,,1726.4024099894473
