time,Liver_oc_infest,length,prey_parasitation,weight
0.0,0.0,,,
0.0,,442.0,,864.0
201600.0,2.584472909399522,,,
201600.0,,524.9041012007893,,1734.2622699892215
