time,Liver_oc_infest,length,prey_parasitation,weight
0.0,0.0,,,
0.0,,442.0,,864.0
201600.0,2.5888763323348645,,,
201600.0,,526.1908311448273,,1746.8637899893552
