time,Liver_oc_infest,length,prey_parasitation,weight
0.0,0.0,,,
0.0,,442.0,,864.0
201600.0,2.3602726060329613,,,
201600.0,,526.108635729064,,1746.2720799894657
