time,Liver_oc_infest,length,prey_parasitation,weight
0.0,0.0,,,
0.0,,442.0,,864.0
201600.0,2.2773032857140945,,,
201600.0,,526.2213592212086,,1747.4691299892108
