time,Liver_oc_infest,length,prey_parasitation,weight
0.0,0.0,,,
0.0,,442.0,,864.0
201600.0,2.4943592311573743,,,
201600.0,,523.5781964766234,,1718.2570399894591
