time,Liver_oc_infest,length,prey_parasitation,weight
0.0,0.0,,,
0.0,,442.0,,864.0
201600.0,2.381391643744307,,,
201600.0,,524.0145015990607,,1723.717599989362
