time,Liver_oc_infest,length,prey_parasitation,weight
0.0,0.0,,,
0.0,,442.0,,864.0
201600.0,2.139604905725414,,,
201600.0,,530.0218525757607,,1785.1572699894214
