time,Liver_oc_infest,length,prey_parasitation,weight
0.0,0.0,,,
0.0,,442.0,,864.0
201600.0,2.3549469584395375,,,
201600.0,,526.3179392054848,,1748.2540199893065
