time,Liver_oc_infest,length,prey_parasitation,weight
0.0,0.0,,,
0.0,,442.0,,864.0
201600.0,2.637477117835457,,,
201600.0,,524.0195460729988,,1725.4752799894466
