time,Liver_oc_infest,length,prey_parasitation,weight
0.0,0.0,,,
0.0,,442.0,,864.0
201600.0,2.2947101271953354,,,
201600.0,,524.9600417856226,,1734.6537599893613
