time,Liver_oc_infest,length,prey_parasitation,weight
0.0,0.0,,,
0.0,,442.0,,864.0
201600.0,2.135602363122966,,,
201600.0,,526.264474643258,,1747.4347899894015
