time,Liver_oc_infest,length,prey_parasitation,weight
0.0,0.0,,,
0.0,,442.0,,864.0
201600.0,2.430368312822689,,,
201600.0,,524.5172316858152,,1730.227099989388
