time,Liver_oc_infest,length,prey_parasitation,weight
0.0,0.0,,,
0.0,,442.0,,777.0
201600.0,9.827890687042114,,,
201600.0,,524.9433576652866,,1587.2725999915747
