time,Liver_oc_infest,length,prey_parasitation,weight
0.0,0.0,,,
0.0,,442.0,,777.0
201600.0,8.933407634652525,,,
201600.0,,522.2705593620444,,1553.327129991823
