time,Liver_oc_infest,length,prey_parasitation,weight
0.0,0.0,,,
0.0,,442.0,,777.0
201600.0,8.752482336207267,,,
201600.0,,523.6619647493358,,1566.3286699916332
