time,Liver_oc_infest,length,prey_parasitation,weight
0.0,0.0,,,
0.0,,442.0,,777.0
201600.0,9.95118755448673,,,
201600.0,,523.3138305531369,,1566.4958499915465
