time,Liver_oc_infest,length,prey_parasitation,weight
0.0,0.0,,,
0.0,,442.0,,777.0
201600.0,8.332638314635805,,,
201600.0,,523.7228665951106,,1570.4486699915974
