time,Liver_oc_infest,length,prey_parasitation,weight
0.0,0.0,,,
0.0,,442.0,,777.0
201600.0,9.95583881073809,,,
201600.0,,523.7626704347803,,1570.7546499914536
