time,Liver_oc_infest,length,prey_parasitation,weight
0.0,0.0,,,
0.0,,442.0,,777.0
201600.0,8.741422702669645,,,
201600.0,,523.5636168042267,,1570.5104799915473
