time,Liver_oc_infest,length,prey_parasitation,weight
0.0,0.0,,,
0.0,,442.0,,777.0
201600.0,9.360032813361089,,,
201600.0,,522.8111340594173,,1560.8403699914495
