time,Liver_oc_infest,length,prey_parasitation,weight
0.0,0.0,,,
0.0,,442.0,,777.0
201600.0,9.276656990759994,,,
201600.0,,526.7968014954441,,1614.272209991262
