time,Liver_oc_infest,length,prey_parasitation,weight
0.0,0.0,,,
0.0,,442.0,,777.0
201600.0,9.226798598276174,,,
201600.0,,523.2597487759278,,1566.2635799915279
