time,Liver_oc_infest,length,prey_parasitation,weight
0.0,0.0,,,
0.0,,442.0,,777.0
201600.0,9.699330584152436,,,
201600.0,,524.4069791042638,,1581.0039699915103
