time,Liver_oc_infest,length,prey_parasitation,weight
0.0,0.0,,,
0.0,,442.0,,777.0
201600.0,9.307877683755036,,,
201600.0,,523.2777768170586,,1564.573419991589
