time,Liver_oc_infest,length,prey_parasitation,weight
0.0,0.0,,,
0.0,,442.0,,777.0
201600.0,8.864839980144803,,,
201600.0,,522.1315894713741,,1553.3815499916861
