time,Liver_oc_infest,length,prey_parasitation,weight
0.0,0.0,,,
0.0,,442.0,,777.0
201600.0,9.37399582088672,,,
201600.0,,523.9357826257968,,1576.9652699917106
