time,Liver_oc_infest,length,prey_parasitation,weight
0.0,0.0,,,
0.0,,442.0,,777.0
201600.0,8.652884139854068,,,
201600.0,,523.2253537496069,,1566.428679991647
