time,Liver_oc_infest,length,prey_parasitation,weight
0.0,0.0,,,
0.0,,442.0,,777.0
201600.0,9.448558118904192,,,
201600.0,,522.0949618942851,,1548.4933899916625
