time,Liver_oc_infest,length,prey_parasitation,weight
0.0,0.0,,,
0.0,,442.0,,777.0
201600.0,8.616249080400438,,,
201600.0,,523.1651285235052,,1563.9039599915789
