time,Liver_oc_infest,length,prey_parasitation,weight
0.0,0.0,,,
0.0,,442.0,,777.0
201600.0,9.414998473471607,,,
201600.0,,522.8710455597512,,1560.7827999918047
