time,Liver_oc_infest,length,prey_parasitation,weight
0.0,0.0,,,
0.0,,442.0,,777.0
201600.0,8.94067935517763,,,
201600.0,,523.4402412058997,,1568.4599599917844
