time,length,weight
0.0,442.0,715.0
201600.0,489.2020418798486,1064.9688099967127
