time,length,weight
0.0,442.0,715.0
201600.0,490.9720323595094,1082.5243099961615
