time,length,weight
0.0,442.0,715.0
201600.0,491.16156365384506,1085.5203399958496
