time,length,weight
0.0,442.0,715.0
201600.0,488.820233214468,1063.1009199966845
