time,length,weight
0.0,442.0,715.0
201600.0,488.24066625892,1056.8148399969773
