time,length,weight
0.0,442.0,715.0
201600.0,488.88547730133934,1061.781619997181
