time,length,weight
0.0,442.0,715.0
201600.0,492.4734968351946,1098.8915299955843
