time,length,weight
0.0,442.0,715.0
201600.0,487.47286346967803,1047.6189899975766
