time,length,weight
0.0,442.0,715.0
201600.0,489.0327828296722,1061.3538199969812
