time,length,weight
0.0,442.0,715.0
201600.0,490.4252437079688,1077.86937999647
