time,length,weight
0.0,442.0,715.0
201600.0,489.87310266337494,1071.0859499964743
