time,length,weight
0.0,442.0,715.0
201600.0,490.2505265419808,1075.0144299963818
