time,length,weight
0.0,442.0,715.0
201600.0,488.99719833341,1062.9599299970444
