time,length,weight
0.0,442.0,715.0
201600.0,489.9354821858426,1074.335819996696
