time,length,weight
0.0,442.0,715.0
201600.0,490.9602218492544,1083.6073799957803
