time,length,weight
0.0,442.0,715.0
201600.0,489.45629192920603,1068.4935799967473
