time,length,weight
0.0,442.0,715.0
201600.0,487.5973530805287,1048.4811199974695
