time,length,weight
0.0,442.0,715.0
201600.0,489.32593632196085,1067.7896299966621
