time,length,weight
0.0,442.0,715.0
201600.0,487.86796703950046,1052.1620999975958
