time,length,weight
0.0,442.0,715.0
201600.0,483.163885205805,1008.105779998524
