time,length,weight
0.0,442.0,715.0
201600.0,482.8018179291131,1005.5647299985337
