time,length,weight
0.0,442.0,715.0
201600.0,483.1368280648668,1006.9663599985249
