time,length,weight
0.0,442.0,715.0
201600.0,485.1594717874329,1026.7510799980603
