time,length,weight
0.0,442.0,715.0
201600.0,483.1513879100191,1007.3520699985239
