time,length,weight
0.0,442.0,715.0
201600.0,483.27672688261947,1007.8245199985162
