time,length,weight
0.0,442.0,715.0
201600.0,485.4036473906494,1027.5929099980356
