time,length,weight
0.0,442.0,715.0
201600.0,483.98521430191255,1013.575279998468
