time,length,weight
0.0,442.0,715.0
201600.0,481.8747861122489,996.2178499986106
