time,length,weight
0.0,442.0,715.0
201600.0,483.8464618755199,1013.0893399984734
