time,length,weight
0.0,442.0,715.0
201600.0,485.73706075729274,1031.6442399980397
