time,length,weight
0.0,442.0,715.0
201600.0,484.1916655676644,1017.7689899984454
