time,length,weight
0.0,442.0,715.0
201600.0,487.2908887185546,1046.1593699975008
