time,length,weight
0.0,442.0,715.0
201600.0,484.9780335715091,1025.453589998086
