time,length,weight
0.0,442.0,715.0
201600.0,486.1229347232486,1035.6943099978582
