time,length,weight
0.0,442.0,715.0
201600.0,482.58279400754276,1002.4384799985661
