time,length,weight
0.0,442.0,715.0
201600.0,485.13998092676064,1024.4931699981337
