time,length,weight
0.0,442.0,715.0
201600.0,481.49273589594276,990.5306499986513
