time,length,weight
0.0,442.0,715.0
201600.0,484.26953087048395,1017.5024799984445
