time,Liver_oc_infest,length,prey_parasitation,weight
0.0,0.0,,,
0.0,,442.0,,691.0
201600.0,0.0,,,
201600.0,,522.4253817044997,,1407.7245599928942
