time,Liver_oc_infest,length,prey_parasitation,weight
0.0,0.0,,,
0.0,,442.0,,605.0
201600.0,18.910520799510476,,,
201600.0,,503.79448125386483,,1204.3066399948086
