time,Liver_oc_infest,length,prey_parasitation,weight
0.0,0.0,,,
0.0,,442.0,,605.0
201600.0,18.671262654324785,,,
201600.0,,506.88804181789726,,1234.8548399945512
