time,Liver_oc_infest,length,prey_parasitation,weight
0.0,0.0,,,
0.0,,442.0,,605.0
201600.0,18.86903839017771,,,
201600.0,,501.58430059418987,,1179.2451999951231
