time,Liver_oc_infest,length,prey_parasitation,weight
0.0,0.0,,,
0.0,,442.0,,605.0
201600.0,18.96606456498632,,,
201600.0,,502.9461626141369,,1192.9013099948515
