time,Liver_oc_infest,length,prey_parasitation,weight
0.0,0.0,,,
0.0,,442.0,,605.0
201600.0,19.147130109751302,,,
201600.0,,503.57321424364216,,1198.6492199947663
