time,Liver_oc_infest,length,prey_parasitation,weight
0.0,0.0,,,
0.0,,442.0,,605.0
201600.0,18.954823820699428,,,
201600.0,,503.1249066682454,,1194.8937199948448
