time,Liver_oc_infest,length,prey_parasitation,weight
0.0,0.0,,,
0.0,,442.0,,605.0
201600.0,18.748911839573324,,,
201600.0,,506.0659971693093,,1227.23185999454
