time,Liver_oc_infest,length,prey_parasitation,weight
0.0,0.0,,,
0.0,,442.0,,605.0
201600.0,18.79600254940444,,,
201600.0,,501.28875478390364,,1178.3450999952577
