time,Liver_oc_infest,length,prey_parasitation,weight
0.0,0.0,,,
0.0,,442.0,,605.0
201600.0,18.748325082264756,,,
201600.0,,503.11695017823786,,1195.8076899948271
