time,Liver_oc_infest,length,prey_parasitation,weight
0.0,0.0,,,
0.0,,442.0,,605.0
201600.0,18.74541882010254,,,
201600.0,,503.44970137272867,,1197.5338799948602
