time,Liver_oc_infest,length,prey_parasitation,weight
0.0,0.0,,,
0.0,,442.0,,605.0
201600.0,18.80100135164062,,,
201600.0,,507.0646353969449,,1235.5190299945093
