time,Liver_oc_infest,length,prey_parasitation,weight
0.0,0.0,,,
0.0,,442.0,,605.0
201600.0,19.16173135763302,,,
201600.0,,502.27025068711043,,1186.2205499948611
