time,Liver_oc_infest,length,prey_parasitation,weight
0.0,0.0,,,
0.0,,442.0,,605.0
201600.0,18.693382100450982,,,
201600.0,,503.90361325299267,,1202.27624999481
