time,Liver_oc_infest,length,prey_parasitation,weight
0.0,0.0,,,
0.0,,442.0,,605.0
201600.0,18.377334032863132,,,
201600.0,,505.8232328139123,,1224.7388499946676
