time,Liver_oc_infest,length,prey_parasitation,weight
0.0,0.0,,,
0.0,,442.0,,605.0
201600.0,18.813676207537622,,,
201600.0,,502.3219698746413,,1184.4425199948591
