time,Liver_oc_infest,length,prey_parasitation,weight
0.0,0.0,,,
0.0,,442.0,,605.0
201600.0,19.033583010216073,,,
201600.0,,502.94932199857533,,1194.434129994825
