time,Liver_oc_infest,length,prey_parasitation,weight
0.0,0.0,,,
0.0,,442.0,,605.0
201600.0,19.078030498813046,,,
201600.0,,505.8091252606575,,1223.1707999945777
