time,Liver_oc_infest,length,prey_parasitation,weight
0.0,0.0,,,
0.0,,442.0,,605.0
201600.0,18.911338769567433,,,
201600.0,,502.43433109896887,,1186.1893399948983
