time,Liver_oc_infest,length,prey_parasitation,weight
0.0,0.0,,,
0.0,,442.0,,605.0
201600.0,19.09741422952046,,,
201600.0,,507.16873703615465,,1235.2605299942409
