time,Liver_oc_infest,length,prey_parasitation,weight
0.0,0.0,,,
0.0,,442.0,,605.0
201600.0,18.874403672761545,,,
201600.0,,503.62974980807667,,1200.4235599947606
