time,Liver_oc_infest,length,prey_parasitation,weight
0.0,0.0,,,
0.0,,442.0,,777.0
201600.0,0.0,,,
201600.0,,524.6165493879734,,1585.9228799912285
