time,Liver_oc_infest,length,prey_parasitation,weight
0.0,0.0,,,
0.0,,442.0,,777.0
201600.0,0.0,,,
201600.0,,520.9204092485638,,1538.3084899917033
