time,Liver_oc_infest,length,prey_parasitation,weight
0.0,0.0,,,
0.0,,442.0,,691.0
201600.0,18.315586975366642,,,
201600.0,,526.1453322112155,,1456.7635599925004
