time,Liver_oc_infest,length,prey_parasitation,weight
0.0,0.0,,,
0.0,,442.0,,691.0
201600.0,18.145250265290077,,,
201600.0,,525.6641565011817,,1451.5585399926174
