time,Liver_oc_infest,length,prey_parasitation,weight
0.0,0.0,,,
0.0,,442.0,,691.0
201600.0,18.25948188377388,,,
201600.0,,525.8950961082177,,1452.683859992631
