time,Liver_oc_infest,length,prey_parasitation,weight
0.0,0.0,,,
0.0,,442.0,,691.0
201600.0,17.85001321038895,,,
201600.0,,524.741262807448,,1439.0533099926288
