time,Liver_oc_infest,length,prey_parasitation,weight
0.0,0.0,,,
0.0,,442.0,,691.0
201600.0,18.19466952326,,,
201600.0,,523.2683805834351,,1419.3319599931162
