time,Liver_oc_infest,length,prey_parasitation,weight
0.0,0.0,,,
0.0,,442.0,,691.0
201600.0,18.192934770158526,,,
201600.0,,523.5016778539505,,1422.6358599931402
