time,Liver_oc_infest,length,prey_parasitation,weight
0.0,0.0,,,
0.0,,442.0,,691.0
201600.0,17.44627056137558,,,
201600.0,,523.5214865363266,,1424.6607099931573
