time,Liver_oc_infest,length,prey_parasitation,weight
0.0,0.0,,,
0.0,,442.0,,691.0
201600.0,18.38543597791351,,,
201600.0,,521.5607860019205,,1402.6746999932648
