time,Liver_oc_infest,length,prey_parasitation,weight
0.0,0.0,,,
0.0,,442.0,,691.0
201600.0,17.703619487748988,,,
201600.0,,525.773239464128,,1450.7528599926404
