time,Liver_oc_infest,length,prey_parasitation,weight
0.0,0.0,,,
0.0,,442.0,,691.0
201600.0,17.87147489053304,,,
201600.0,,524.161127186362,,1430.825049993173
