time,Liver_oc_infest,length,prey_parasitation,weight
0.0,0.0,,,
0.0,,442.0,,691.0
201600.0,18.073921704647105,,,
201600.0,,522.0996063219367,,1406.653329993305
