time,Liver_oc_infest,length,prey_parasitation,weight
0.0,0.0,,,
0.0,,442.0,,691.0
201600.0,18.02655210359716,,,
201600.0,,521.7770186055523,,1403.7030599934142
