time,Liver_oc_infest,length,prey_parasitation,weight
0.0,0.0,,,
0.0,,442.0,,691.0
201600.0,18.121067731988525,,,
201600.0,,522.1345829955151,,1403.6912299932983
