time,Liver_oc_infest,length,prey_parasitation,weight
0.0,0.0,,,
0.0,,442.0,,691.0
201600.0,18.174069311380304,,,
201600.0,,525.7811546525141,,1450.4498899929795
