time,Liver_oc_infest,length,prey_parasitation,weight
0.0,0.0,,,
0.0,,442.0,,691.0
201600.0,18.00670701357387,,,
201600.0,,525.8279102540345,,1452.203819992973
