time,Liver_oc_infest,length,prey_parasitation,weight
0.0,0.0,,,
0.0,,442.0,,691.0
201600.0,18.604565473905698,,,
201600.0,,523.2798188540684,,1420.1061299931218
