time,Liver_oc_infest,length,prey_parasitation,weight
0.0,0.0,,,
0.0,,442.0,,691.0
201600.0,17.90716151439093,,,
201600.0,,522.9760684268023,,1419.0846999932478
