time,Liver_oc_infest,length,prey_parasitation,weight
0.0,0.0,,,
0.0,,442.0,,691.0
201600.0,18.302226125362694,,,
201600.0,,525.679246195682,,1448.2589599925705
