time,Liver_oc_infest,length,prey_parasitation,weight
0.0,0.0,,,
0.0,,442.0,,691.0
201600.0,17.761959809932673,,,
201600.0,,523.4090710002006,,1423.8496399930298
