time,Liver_oc_infest,length,prey_parasitation,weight
0.0,0.0,,,
0.0,,442.0,,691.0
201600.0,18.034529441098268,,,
201600.0,,524.1111108324968,,1433.4660599930337
