time,Liver_oc_infest,length,prey_parasitation,weight
0.0,0.0,,,
0.0,,442.0,,605.0
201600.0,0.0,,,
201600.0,,487.4861293274281,,1031.312529996978
