time,length,weight
0.0,442.0,715.0
201600.0,513.7036827320578,1332.5443999940808
