time,length,weight
0.0,442.0,715.0
201600.0,512.3836180187567,1317.2972599941302
