time,length,weight
0.0,442.0,715.0
201600.0,513.0013811091052,1326.3557799940281
