time,length,weight
0.0,442.0,715.0
201600.0,510.38826734107647,1298.7370999941231
