time,length,weight
0.0,442.0,715.0
201600.0,509.5194126941899,1286.8157499941806
