time,length,weight
0.0,442.0,715.0
201600.0,512.7304149996053,1322.8643499940497
