time,length,weight
0.0,442.0,715.0
201600.0,510.41374323055356,1297.5689099945882
