time,length,weight
0.0,442.0,715.0
201600.0,510.9955081614879,1303.8227699942106
