time,length,weight
0.0,442.0,715.0
201600.0,511.3570639235896,1307.1581999941893
