time,length,weight
0.0,442.0,715.0
201600.0,511.43530763811214,1308.7105499942409
