time,length,weight
0.0,442.0,715.0
201600.0,513.3385058108154,1332.599119994141
