time,length,weight
0.0,442.0,715.0
201600.0,510.4278551585641,1297.6447999941784
