time,length,weight
0.0,442.0,715.0
201600.0,513.1742203825794,1329.1866299941346
