time,length,weight
0.0,442.0,715.0
201600.0,510.2461806743527,1296.8208599942225
