time,length,weight
0.0,442.0,715.0
201600.0,509.29519538707876,1285.877269994755
