time,length,weight
0.0,442.0,715.0
201600.0,512.9790132928084,1325.598979994132
