time,length,weight
0.0,442.0,715.0
201600.0,512.2981725231076,1317.6763399941688
