time,length,weight
0.0,442.0,715.0
201600.0,512.5583478200721,1322.3276799941252
