time,length,weight
0.0,442.0,715.0
201600.0,513.0956405974147,1327.064799994231
