time,Liver_oc_infest,length,prey_parasitation,weight
0.0,0.0,,,
0.0,,442.0,,691.0
201600.0,19.17362868861933,,,
201600.0,,525.7235590471569,,1454.3285399924405
