time,Liver_oc_infest,length,prey_parasitation,weight
0.0,0.0,,,
0.0,,442.0,,691.0
201600.0,18.566347123946553,,,
201600.0,,527.1834132547558,,1474.8280799922602
