time,Liver_oc_infest,length,prey_parasitation,weight
0.0,0.0,,,
0.0,,442.0,,691.0
201600.0,18.52837232666396,,,
201600.0,,527.5213467371548,,1477.5603799922999
