time,Liver_oc_infest,length,prey_parasitation,weight
0.0,0.0,,,
0.0,,442.0,,691.0
201600.0,18.496592740174115,,,
201600.0,,528.4145626230319,,1488.3182099921185
