time,Liver_oc_infest,length,prey_parasitation,weight
0.0,0.0,,,
0.0,,442.0,,691.0
201600.0,18.8313644308586,,,
201600.0,,526.1704787685208,,1461.706219992426
