time,Liver_oc_infest,length,prey_parasitation,weight
0.0,0.0,,,
0.0,,442.0,,691.0
201600.0,18.30057923696869,,,
201600.0,,529.9114931442066,,1509.4016499921838
