time,Liver_oc_infest,length,prey_parasitation,weight
0.0,0.0,,,
0.0,,442.0,,691.0
201600.0,18.528076706188546,,,
201600.0,,525.8107310556309,,1457.5351399927551
