time,Liver_oc_infest,length,prey_parasitation,weight
0.0,0.0,,,
0.0,,442.0,,691.0
201600.0,18.093335397680875,,,
201600.0,,527.6471585924323,,1479.0752399922103
