time,Liver_oc_infest,length,prey_parasitation,weight
0.0,0.0,,,
0.0,,442.0,,691.0
201600.0,18.56071474366818,,,
201600.0,,527.5472112842256,,1473.4736899921586
