time,Liver_oc_infest,length,prey_parasitation,weight
0.0,0.0,,,
0.0,,442.0,,691.0
201600.0,18.835222250429695,,,
201600.0,,525.8211546464627,,1456.4719599923837
