time,Liver_oc_infest,length,prey_parasitation,weight
0.0,0.0,,,
0.0,,442.0,,691.0
201600.0,18.86487583146493,,,
201600.0,,528.3854319274403,,1488.0567999921723
