time,Liver_oc_infest,length,prey_parasitation,weight
0.0,0.0,,,
0.0,,442.0,,691.0
201600.0,18.72649703175611,,,
201600.0,,527.0614190042274,,1469.3728899922485
