time,Liver_oc_infest,length,prey_parasitation,weight
0.0,0.0,,,
0.0,,442.0,,691.0
201600.0,18.57183036445726,,,
201600.0,,527.4644791797482,,1476.6163599921947
