time,Liver_oc_infest,length,prey_parasitation,weight
0.0,0.0,,,
0.0,,442.0,,691.0
201600.0,18.708625824852756,,,
201600.0,,526.7774222572228,,1466.8903499925468
