time,Liver_oc_infest,length,prey_parasitation,weight
0.0,0.0,,,
0.0,,442.0,,691.0
201600.0,18.261591433852438,,,
201600.0,,529.4036797329736,,1503.126319992119
