time,Liver_oc_infest,length,prey_parasitation,weight
0.0,0.0,,,
0.0,,442.0,,691.0
201600.0,18.68497871254722,,,
201600.0,,525.2633428017906,,1448.5915799928114
