time,Liver_oc_infest,length,prey_parasitation,weight
0.0,0.0,,,
0.0,,442.0,,691.0
201600.0,18.09308838735006,,,
201600.0,,527.6613329290457,,1478.9721199921823
