time,Liver_oc_infest,length,prey_parasitation,weight
0.0,0.0,,,
0.0,,442.0,,691.0
201600.0,18.487540542354612,,,
201600.0,,528.401999392753,,1486.1508499922588
