time,Liver_oc_infest,length,prey_parasitation,weight
0.0,0.0,,,
0.0,,442.0,,691.0
201600.0,18.525419115180075,,,
201600.0,,526.0400785279257,,1458.7523799923827
