time,Liver_oc_infest,length,prey_parasitation,weight
0.0,0.0,,,
0.0,,442.0,,691.0
201600.0,18.672881818538624,,,
201600.0,,526.8898370705961,,1465.804919992715
