time,Liver_oc_infest,length,prey_parasitation,weight
0.0,0.0,,,
0.0,,442.0,,950.0
201600.0,0.32978420756270277,,,
201600.0,,497.0101624111785,,1472.305349993081
