time,Liver_oc_infest,length,prey_parasitation,weight
0.0,0.0,,,
0.0,,442.0,,950.0
201600.0,0.33100338975405724,,,
201600.0,,498.015715081476,,1481.2655899930933
