time,Liver_oc_infest,length,prey_parasitation,weight
0.0,0.0,,,
0.0,,442.0,,950.0
201600.0,0.37871836071814485,,,
201600.0,,496.3584068096332,,1466.437209992825
