time,Liver_oc_infest,length,prey_parasitation,weight
0.0,0.0,,,
0.0,,442.0,,950.0
201600.0,0.3449448438931396,,,
201600.0,,496.56942520886173,,1468.1567999928993
