time,Liver_oc_infest,length,prey_parasitation,weight
0.0,0.0,,,
0.0,,442.0,,950.0
201600.0,0.35038047697614155,,,
201600.0,,499.75165341124335,,1497.3677599931584
