time,Liver_oc_infest,length,prey_parasitation,weight
0.0,0.0,,,
0.0,,442.0,,950.0
201600.0,0.2931047116308147,,,
201600.0,,498.95147462475063,,1489.772039993183
