time,Liver_oc_infest,length,prey_parasitation,weight
0.0,0.0,,,
0.0,,442.0,,950.0
201600.0,0.3357120637234932,,,
201600.0,,498.6413597686527,,1487.085129992921
