time,Liver_oc_infest,length,prey_parasitation,weight
0.0,0.0,,,
0.0,,442.0,,950.0
201600.0,0.35061487429289134,,,
201600.0,,498.5371815714394,,1486.0753999929084
