time,Liver_oc_infest,length,prey_parasitation,weight
0.0,0.0,,,
0.0,,442.0,,950.0
201600.0,0.31513161002473783,,,
201600.0,,495.9003267919453,,1462.6913799931326
