time,Liver_oc_infest,length,prey_parasitation,weight
0.0,0.0,,,
0.0,,442.0,,950.0
201600.0,0.3327627228173666,,,
201600.0,,498.4452485662111,,1485.0321199928749
