time,Liver_oc_infest,length,prey_parasitation,weight
0.0,0.0,,,
0.0,,442.0,,950.0
201600.0,0.3243671577242321,,,
201600.0,,497.83263872202735,,1479.7803499930244
