time,Liver_oc_infest,length,prey_parasitation,weight
0.0,0.0,,,
0.0,,442.0,,950.0
201600.0,0.3414161894915891,,,
201600.0,,497.4838108781066,,1476.986729993076
