time,Liver_oc_infest,length,prey_parasitation,weight
0.0,0.0,,,
0.0,,442.0,,950.0
201600.0,0.33083855027765413,,,
201600.0,,500.5427639543887,,1503.6192699928981
