time,Liver_oc_infest,length,prey_parasitation,weight
0.0,0.0,,,
0.0,,442.0,,950.0
201600.0,0.3202975910781942,,,
201600.0,,499.0154976898119,,1490.4714999929663
