time,Liver_oc_infest,length,prey_parasitation,weight
0.0,0.0,,,
0.0,,442.0,,950.0
201600.0,0.3173480819994354,,,
201600.0,,497.35117734336086,,1475.4569299928726
