time,Liver_oc_infest,length,prey_parasitation,weight
0.0,0.0,,,
0.0,,442.0,,950.0
201600.0,0.33748691775214956,,,
201600.0,,498.2909129656956,,1484.046009993118
