time,Liver_oc_infest,length,prey_parasitation,weight
0.0,0.0,,,
0.0,,442.0,,950.0
201600.0,0.34370578093324894,,,
201600.0,,496.172532003109,,1464.7809799933812
