time,Liver_oc_infest,length,prey_parasitation,weight
0.0,0.0,,,
0.0,,442.0,,950.0
201600.0,0.3312901829493906,,,
201600.0,,499.6484513870159,,1495.833929993172
