time,Liver_oc_infest,length,prey_parasitation,weight
0.0,0.0,,,
0.0,,442.0,,950.0
201600.0,0.3375868853880122,,,
201600.0,,498.6645582477666,,1486.9350199928642
