time,Liver_oc_infest,length,prey_parasitation,weight
0.0,0.0,,,
0.0,,442.0,,950.0
201600.0,0.3532389314982551,,,
201600.0,,499.7842592176735,,1496.9997299927913
