time,Liver_oc_infest,length,prey_parasitation,weight
0.0,0.0,,,
0.0,,442.0,,950.0
201600.0,0.0,,,
201600.0,,537.6763255271165,,1863.780829988278
