time,Liver_oc_infest,length,prey_parasitation,weight
0.0,0.0,,,
0.0,,442.0,,777.0
201600.0,6.828443725539367,,,
201600.0,,512.6184192143122,,1420.2442099935229
