time,Liver_oc_infest,length,prey_parasitation,weight
0.0,0.0,,,
0.0,,442.0,,777.0
201600.0,7.375758473209316,,,
201600.0,,511.36560855423517,,1407.2419499935097
