time,Liver_oc_infest,length,prey_parasitation,weight
0.0,0.0,,,
0.0,,442.0,,777.0
201600.0,6.72358695942201,,,
201600.0,,512.6427370261111,,1420.5412699930084
