time,Liver_oc_infest,length,prey_parasitation,weight
0.0,0.0,,,
0.0,,442.0,,777.0
201600.0,6.925519766294971,,,
201600.0,,509.72081558238966,,1385.3662699935833
