time,Liver_oc_infest,length,prey_parasitation,weight
0.0,0.0,,,
0.0,,442.0,,777.0
201600.0,7.181085671380729,,,
201600.0,,511.147601961295,,1406.30949999347
