time,Liver_oc_infest,length,prey_parasitation,weight
0.0,0.0,,,
0.0,,442.0,,777.0
201600.0,7.2256467207703095,,,
201600.0,,509.73407278280024,,1386.387489993673
