time,Liver_oc_infest,length,prey_parasitation,weight
0.0,0.0,,,
0.0,,442.0,,777.0
201600.0,6.764892247463043,,,
201600.0,,510.76676723317246,,1396.061349993655
