time,Liver_oc_infest,length,prey_parasitation,weight
0.0,0.0,,,
0.0,,442.0,,777.0
201600.0,6.825736220588509,,,
201600.0,,508.64566000243354,,1374.0696299935946
