time,Liver_oc_infest,length,prey_parasitation,weight
0.0,0.0,,,
0.0,,442.0,,777.0
201600.0,7.344538153781102,,,
201600.0,,509.7992068104794,,1389.0911499936308
