time,Liver_oc_infest,length,prey_parasitation,weight
0.0,0.0,,,
0.0,,442.0,,777.0
201600.0,7.6341532249826285,,,
201600.0,,511.174970496423,,1403.7650699936564
