time,Liver_oc_infest,length,prey_parasitation,weight
0.0,0.0,,,
0.0,,442.0,,777.0
201600.0,7.025484008668904,,,
201600.0,,512.9741563680576,,1425.1423399933856
