time,Liver_oc_infest,length,prey_parasitation,weight
0.0,0.0,,,
0.0,,442.0,,777.0
201600.0,7.2458088509154095,,,
201600.0,,511.7240894834596,,1408.3922799934394
