time,Liver_oc_infest,length,prey_parasitation,weight
0.0,0.0,,,
0.0,,442.0,,777.0
201600.0,7.210634169169171,,,
201600.0,,510.12037549994267,,1393.6234499935488
