time,Liver_oc_infest,length,prey_parasitation,weight
0.0,0.0,,,
0.0,,442.0,,777.0
201600.0,6.336915959451105,,,
201600.0,,511.0649568768037,,1403.7035199935342
