time,Liver_oc_infest,length,prey_parasitation,weight
0.0,0.0,,,
0.0,,442.0,,777.0
201600.0,6.4082720889199205,,,
201600.0,,510.1378401651563,,1391.0079899935813
