time,Liver_oc_infest,length,prey_parasitation,weight
0.0,0.0,,,
0.0,,442.0,,777.0
201600.0,7.915594843819865,,,
201600.0,,511.68467086881964,,1413.1873399936892
