time,Liver_oc_infest,length,prey_parasitation,weight
0.0,0.0,,,
0.0,,442.0,,777.0
201600.0,7.787516978034319,,,
201600.0,,510.834984240283,,1399.4457499934467
