time,Liver_oc_infest,length,prey_parasitation,weight
0.0,0.0,,,
0.0,,442.0,,777.0
201600.0,7.935269803135559,,,
201600.0,,513.8580165549217,,1435.3430499935255
