time,Liver_oc_infest,length,prey_parasitation,weight
0.0,0.0,,,
0.0,,442.0,,777.0
201600.0,7.322544202911137,,,
201600.0,,511.01246220015275,,1404.9912599937825
