time,Liver_oc_infest,length,prey_parasitation,weight
0.0,0.0,,,
0.0,,442.0,,777.0
201600.0,7.650422595812332,,,
201600.0,,511.3707977552163,,1406.8332699935106
