time,Liver_oc_infest,length,prey_parasitation,weight
0.0,0.0,,,
0.0,,442.0,,715.0
201600.0,19.99998335830557,,,
201600.0,,513.8674778302408,,1350.430139992917
