time,Liver_oc_infest,length,prey_parasitation,weight
0.0,0.0,,,
0.0,,442.0,,715.0
201600.0,19.999993877334898,,,
201600.0,,512.7871761087993,,1335.6748899932963
