time,Liver_oc_infest,length,prey_parasitation,weight
0.0,0.0,,,
0.0,,442.0,,715.0
201600.0,19.99998990586224,,,
201600.0,,513.9048257196941,,1353.2553999928525
