time,Liver_oc_infest,length,prey_parasitation,weight
0.0,0.0,,,
0.0,,442.0,,715.0
201600.0,19.99999498684328,,,
201600.0,,512.690973363781,,1339.313039993292
