time,Liver_oc_infest,length,prey_parasitation,weight
0.0,0.0,,,
0.0,,442.0,,715.0
201600.0,19.999950013255905,,,
201600.0,,516.2241856417422,,1376.745469992733
