time,Liver_oc_infest,length,prey_parasitation,weight
0.0,0.0,,,
0.0,,442.0,,715.0
201600.0,19.99993894161888,,,
201600.0,,511.386381093296,,1320.1595999934932
