time,Liver_oc_infest,length,prey_parasitation,weight
0.0,0.0,,,
0.0,,442.0,,715.0
201600.0,19.99997753687861,,,
201600.0,,514.6729330885134,,1360.6503999928332
