time,Liver_oc_infest,length,prey_parasitation,weight
0.0,0.0,,,
0.0,,442.0,,715.0
201600.0,19.999969673490643,,,
201600.0,,513.1826791028979,,1340.8804999933836
