time,Liver_oc_infest,length,prey_parasitation,weight
0.0,0.0,,,
0.0,,442.0,,715.0
201600.0,19.999954768613065,,,
201600.0,,514.10028056451,,1350.7534799928872
