time,Liver_oc_infest,length,prey_parasitation,weight
0.0,0.0,,,
0.0,,442.0,,715.0
201600.0,19.999984942065172,,,
201600.0,,515.3763903341937,,1369.536699992676
