time,Liver_oc_infest,length,prey_parasitation,weight
0.0,0.0,,,
0.0,,442.0,,715.0
201600.0,19.99987704938303,,,
201600.0,,514.8567927621078,,1360.6965199928093
