time,Liver_oc_infest,length,prey_parasitation,weight
0.0,0.0,,,
0.0,,442.0,,715.0
201600.0,19.999959069559253,,,
201600.0,,514.2844477096818,,1355.5670499928826
