time,Liver_oc_infest,length,prey_parasitation,weight
0.0,0.0,,,
0.0,,442.0,,715.0
201600.0,19.999988843747374,,,
201600.0,,512.2189394893778,,1329.9071299934385
