time,Liver_oc_infest,length,prey_parasitation,weight
0.0,0.0,,,
0.0,,442.0,,715.0
201600.0,19.999975173779927,,,
201600.0,,513.0065782720367,,1339.1712799933455
