time,Liver_oc_infest,length,prey_parasitation,weight
0.0,0.0,,,
0.0,,442.0,,715.0
201600.0,19.999925426340255,,,
201600.0,,514.2567472022764,,1353.7966499928887
