time,Liver_oc_infest,length,prey_parasitation,weight
0.0,0.0,,,
0.0,,442.0,,715.0
201600.0,19.99999445990063,,,
201600.0,,512.4829965465019,,1333.4745199933543
