time,Liver_oc_infest,length,prey_parasitation,weight
0.0,0.0,,,
0.0,,442.0,,715.0
201600.0,19.999864121127608,,,
201600.0,,515.1239067354153,,1366.5698099928163
