time,Liver_oc_infest,length,prey_parasitation,weight
0.0,0.0,,,
0.0,,442.0,,715.0
201600.0,19.999877048051804,,,
201600.0,,513.7811475419833,,1348.2477999929276
