time,Liver_oc_infest,length,prey_parasitation,weight
0.0,0.0,,,
0.0,,442.0,,715.0
201600.0,19.999983358959227,,,
201600.0,,514.9383225770039,,1361.213579992872
