time,Liver_oc_infest,length,prey_parasitation,weight
0.0,0.0,,,
0.0,,442.0,,715.0
201600.0,19.999752412037004,,,
201600.0,,513.3435729719264,,1344.8791399929212
