time,Liver_oc_infest,length,prey_parasitation,weight
0.0,0.0,,,
0.0,,442.0,,605.0
201600.0,0.0,,,
201600.0,,498.11839920407846,,1136.815309995594
