time,Liver_oc_infest,length,prey_parasitation,weight
0.0,0.0,,,
0.0,,442.0,,715.0
201600.0,0.0,,,
201600.0,,528.5913100077969,,1530.1701099916415
