time,length,weight
0.0,442.0,715.0
201600.0,505.81590961671395,1246.352179993316
