time,length,weight
0.0,442.0,715.0
201600.0,506.1225419833739,1248.9254899935788
