time,length,weight
0.0,442.0,715.0
201600.0,507.29025795093736,1266.3465599933309
