time,length,weight
0.0,442.0,715.0
201600.0,506.6354231872071,1255.8220199932862
