time,length,weight
0.0,442.0,715.0
201600.0,505.8708548013512,1246.1060999935846
