time,length,weight
0.0,442.0,715.0
201600.0,506.7113582877231,1256.1786999936062
