time,length,weight
0.0,442.0,715.0
201600.0,504.21165253916337,1230.344059993585
