time,length,weight
0.0,442.0,715.0
201600.0,506.7820284465537,1260.4852699932192
