time,length,weight
0.0,442.0,715.0
201600.0,507.4602328748388,1265.3530899932473
