time,length,weight
0.0,442.0,715.0
201600.0,504.2309518341578,1227.6865199934932
