time,length,weight
0.0,442.0,715.0
201600.0,505.7283715938792,1248.4931099936096
