time,length,weight
0.0,442.0,715.0
201600.0,506.08544893021275,1248.1504699936024
