time,length,weight
0.0,442.0,715.0
201600.0,507.2043952231284,1261.7377499933896
