time,length,weight
0.0,442.0,715.0
201600.0,508.30666194658863,1275.0682799932658
