time,length,weight
0.0,442.0,715.0
201600.0,505.58807448944845,1244.1488599934873
