time,length,weight
0.0,442.0,715.0
201600.0,508.2277184313152,1274.0488099927722
