time,length,weight
0.0,442.0,715.0
201600.0,508.3110994320749,1275.9898799933362
