time,length,weight
0.0,442.0,715.0
201600.0,504.136085338472,1229.3331499935825
