time,length,weight
0.0,442.0,715.0
201600.0,506.3587407480983,1252.2321799935833
