time,length,weight
0.0,442.0,715.0
201600.0,470.98046509301736,890.969609999486
