time,length,weight
0.0,442.0,715.0
201600.0,469.4105708066505,878.423829999578
