time,length,weight
0.0,442.0,715.0
201600.0,469.6069252083206,878.9211199995825
