time,length,weight
0.0,442.0,715.0
201600.0,469.752984097493,880.9245399995611
