time,length,weight
0.0,442.0,715.0
201600.0,470.91472526136477,893.2669899994634
