time,length,weight
0.0,442.0,715.0
201600.0,468.35591979821436,869.7893899996441
