time,length,weight
0.0,442.0,715.0
201600.0,472.95749673450894,910.532399999333
