time,length,weight
0.0,442.0,715.0
201600.0,469.4614418150761,878.8493499995822
