time,length,weight
0.0,442.0,715.0
201600.0,471.9971542251879,901.3893599993985
