time,length,weight
0.0,442.0,715.0
201600.0,470.55937411898935,890.0798599994899
