time,length,weight
0.0,442.0,715.0
201600.0,469.8772480652465,883.1792199995434
