time,length,weight
0.0,442.0,715.0
201600.0,470.57193999541323,890.6822399994829
