time,length,weight
0.0,442.0,715.0
201600.0,471.38935106847026,895.970449999454
