time,length,weight
0.0,442.0,715.0
201600.0,471.02327971630785,893.0642599994702
