time,length,weight
0.0,442.0,715.0
201600.0,471.0111732874885,893.6113499994677
