time,length,weight
0.0,442.0,715.0
201600.0,470.88472716086505,892.6377299994638
