time,length,weight
0.0,442.0,715.0
201600.0,470.1496884567623,885.3509999995355
