time,length,weight
0.0,442.0,715.0
201600.0,471.87963310710296,900.2683799994148
