time,length,weight
0.0,442.0,715.0
201600.0,471.05016768728933,893.5471199994566
