time,length,weight
0.0,442.0,715.0
201600.0,470.2967146742716,885.459229999526
