time,Liver_oc_infest,length,prey_parasitation,weight
0.0,0.0,,,
0.0,,442.0,,864.0
201600.0,1.9811990374305093,,,
201600.0,,518.3319849866434,,1635.1947199911433
