time,Liver_oc_infest,length,prey_parasitation,weight
0.0,0.0,,,
0.0,,442.0,,864.0
201600.0,1.980496921200514,,,
201600.0,,518.0411074190815,,1636.6039199906286
