time,Liver_oc_infest,length,prey_parasitation,weight
0.0,0.0,,,
0.0,,442.0,,864.0
201600.0,2.0950515371825804,,,
201600.0,,514.9840590576001,,1593.4893799911783
