time,Liver_oc_infest,length,prey_parasitation,weight
0.0,0.0,,,
0.0,,442.0,,864.0
201600.0,1.9036751428215017,,,
201600.0,,516.217694910506,,1612.7558199907764
