time,Liver_oc_infest,length,prey_parasitation,weight
0.0,0.0,,,
0.0,,442.0,,864.0
201600.0,1.8190798037495606,,,
201600.0,,516.6641899584497,,1616.914559991099
