time,Liver_oc_infest,length,prey_parasitation,weight
0.0,0.0,,,
0.0,,442.0,,864.0
201600.0,2.0501542590582886,,,
201600.0,,517.8670568951408,,1634.462799990816
