time,Liver_oc_infest,length,prey_parasitation,weight
0.0,0.0,,,
0.0,,442.0,,864.0
201600.0,2.017275584518886,,,
201600.0,,516.2484902268327,,1605.9364899906554
