time,Liver_oc_infest,length,prey_parasitation,weight
0.0,0.0,,,
0.0,,442.0,,864.0
201600.0,1.8629705509399763,,,
201600.0,,514.969591280827,,1597.4400299912302
