time,Liver_oc_infest,length,prey_parasitation,weight
0.0,0.0,,,
0.0,,442.0,,864.0
201600.0,2.12172463888828,,,
201600.0,,516.6366087393633,,1619.9825999914367
