time,Liver_oc_infest,length,prey_parasitation,weight
0.0,0.0,,,
0.0,,442.0,,864.0
201600.0,1.8482294481634851,,,
201600.0,,515.501335193342,,1600.9695499915001
