time,Liver_oc_infest,length,prey_parasitation,weight
0.0,0.0,,,
0.0,,442.0,,864.0
201600.0,1.8022593042305233,,,
201600.0,,515.6739142392955,,1604.531709990908
