time,Liver_oc_infest,length,prey_parasitation,weight
0.0,0.0,,,
0.0,,442.0,,864.0
201600.0,1.8799280709755977,,,
201600.0,,513.7301703092593,,1576.1441499914397
