time,Liver_oc_infest,length,prey_parasitation,weight
0.0,0.0,,,
0.0,,442.0,,864.0
201600.0,1.844297181132788,,,
201600.0,,514.7422686152522,,1592.2828599914033
