time,Liver_oc_infest,length,prey_parasitation,weight
0.0,0.0,,,
0.0,,442.0,,864.0
201600.0,2.124702998099495,,,
201600.0,,516.80643453397,,1619.1360499912494
