time,Liver_oc_infest,length,prey_parasitation,weight
0.0,0.0,,,
0.0,,442.0,,864.0
201600.0,1.9281080247809028,,,
201600.0,,514.8363090014526,,1591.689009991358
