time,Liver_oc_infest,length,prey_parasitation,weight
0.0,0.0,,,
0.0,,442.0,,864.0
201600.0,1.982735914646573,,,
201600.0,,515.7181920226801,,1606.0511599908405
