time,Liver_oc_infest,length,prey_parasitation,weight
0.0,0.0,,,
0.0,,442.0,,864.0
201600.0,1.7343635655264218,,,
201600.0,,517.4507268915124,,1631.332239991162
