time,Liver_oc_infest,length,prey_parasitation,weight
0.0,0.0,,,
0.0,,442.0,,864.0
201600.0,1.6094190370670785,,,
201600.0,,516.0330420015216,,1608.854029990904
