time,Liver_oc_infest,length,prey_parasitation,weight
0.0,0.0,,,
0.0,,442.0,,864.0
201600.0,2.0767740282918217,,,
201600.0,,517.8896866573598,,1632.5257799908659
