time,Liver_oc_infest,length,prey_parasitation,weight
0.0,0.0,,,
0.0,,442.0,,864.0
201600.0,1.9946859266955905,,,
201600.0,,513.5596713568533,,1573.677269991637
