time,Liver_oc_infest,length,prey_parasitation,weight
0.0,0.0,,,
0.0,,442.0,,950.0
201600.0,0.4673765114151489,,,
201600.0,,514.8497392730254,,1636.4503099913945
