time,Liver_oc_infest,length,prey_parasitation,weight
0.0,0.0,,,
0.0,,442.0,,950.0
201600.0,0.43005897271502413,,,
201600.0,,511.5980732601543,,1605.831589991176
