time,Liver_oc_infest,length,prey_parasitation,weight
0.0,0.0,,,
0.0,,442.0,,950.0
201600.0,0.41736886998283684,,,
201600.0,,514.8534208888641,,1636.7058299912787
