time,Liver_oc_infest,length,prey_parasitation,weight
0.0,0.0,,,
0.0,,442.0,,950.0
201600.0,0.4595784016881783,,,
201600.0,,515.8653576706852,,1646.3213099912525
