time,Liver_oc_infest,length,prey_parasitation,weight
0.0,0.0,,,
0.0,,442.0,,950.0
201600.0,0.4370944341082437,,,
201600.0,,513.5199809781393,,1623.5750299909419
