time,Liver_oc_infest,length,prey_parasitation,weight
0.0,0.0,,,
0.0,,442.0,,950.0
201600.0,0.3932085449152033,,,
201600.0,,516.6139570279925,,1653.2702399909679
