time,Liver_oc_infest,length,prey_parasitation,weight
0.0,0.0,,,
0.0,,442.0,,950.0
201600.0,0.4290456644307725,,,
201600.0,,519.1669159795567,,1677.9012699911073
