time,Liver_oc_infest,length,prey_parasitation,weight
0.0,0.0,,,
0.0,,442.0,,950.0
201600.0,0.40932249191312353,,,
201600.0,,513.1809917414145,,1620.432349990852
