time,Liver_oc_infest,length,prey_parasitation,weight
0.0,0.0,,,
0.0,,442.0,,950.0
201600.0,0.43312581803486455,,,
201600.0,,517.1669200179509,,1658.5033599910178
