time,Liver_oc_infest,length,prey_parasitation,weight
0.0,0.0,,,
0.0,,442.0,,950.0
201600.0,0.4747355532389989,,,
201600.0,,515.143822745802,,1639.234989991199
