time,Liver_oc_infest,length,prey_parasitation,weight
0.0,0.0,,,
0.0,,442.0,,950.0
201600.0,0.4779206267763661,,,
201600.0,,513.5507213247087,,1624.1303199910196
