time,Liver_oc_infest,length,prey_parasitation,weight
0.0,0.0,,,
0.0,,442.0,,950.0
201600.0,0.4245534496871802,,,
201600.0,,516.1554950225642,,1648.6612099910083
