time,Liver_oc_infest,length,prey_parasitation,weight
0.0,0.0,,,
0.0,,442.0,,950.0
201600.0,0.4295188406307914,,,
201600.0,,517.0798184761475,,1657.6174799910334
