time,Liver_oc_infest,length,prey_parasitation,weight
0.0,0.0,,,
0.0,,442.0,,950.0
201600.0,0.43277166689267804,,,
201600.0,,517.5729055954624,,1662.5137099908302
