time,Liver_oc_infest,length,prey_parasitation,weight
0.0,0.0,,,
0.0,,442.0,,950.0
201600.0,0.4274453583974551,,,
201600.0,,513.437224348168,,1622.7516599911278
