time,Liver_oc_infest,length,prey_parasitation,weight
0.0,0.0,,,
0.0,,442.0,,950.0
201600.0,0.4475498884024126,,,
201600.0,,515.7636953018201,,1645.1856199909068
