time,Liver_oc_infest,length,prey_parasitation,weight
0.0,0.0,,,
0.0,,442.0,,950.0
201600.0,0.4470614381392487,,,
201600.0,,514.4885062323034,,1633.0980799913118
