time,Liver_oc_infest,length,prey_parasitation,weight
0.0,0.0,,,
0.0,,442.0,,950.0
201600.0,0.44889303367219674,,,
201600.0,,514.0080708470791,,1628.2504899911464
