time,Liver_oc_infest,length,prey_parasitation,weight
0.0,0.0,,,
0.0,,442.0,,950.0
201600.0,0.43546447763751295,,,
201600.0,,516.6258183819891,,1653.6477199909689
