time,Liver_oc_infest,length,prey_parasitation,weight
0.0,0.0,,,
0.0,,442.0,,950.0
201600.0,0.47032390946845953,,,
201600.0,,516.6722363300765,,1653.8891199912448
