time,length,weight
0.0,442.0,715.0
201600.0,499.1561692388098,1171.8101899949124
