time,length,weight
0.0,442.0,715.0
201600.0,499.8812940437888,1179.5778699944074
