time,length,weight
0.0,442.0,715.0
201600.0,499.9033230662309,1180.5433799950422
