time,length,weight
0.0,442.0,715.0
201600.0,499.3775229589362,1176.9393699950328
