time,length,weight
0.0,442.0,715.0
201600.0,502.1946367968397,1203.316869994357
