time,length,weight
0.0,442.0,715.0
201600.0,499.72892792383004,1178.1420299948504
