time,length,weight
0.0,442.0,715.0
201600.0,501.6320321741011,1199.9440399949317
