time,length,weight
0.0,442.0,715.0
201600.0,498.99627031026967,1169.413239994952
