time,length,weight
0.0,442.0,715.0
201600.0,499.5911642698872,1178.7412199947496
