time,length,weight
0.0,442.0,715.0
201600.0,498.58030124553807,1166.4329899951254
