time,length,weight
0.0,442.0,715.0
201600.0,500.33371778713297,1186.0442799950813
