time,length,weight
0.0,442.0,715.0
201600.0,498.4739089769687,1166.3346499950444
