time,length,weight
0.0,442.0,715.0
201600.0,500.1191248697313,1181.7293099946949
