time,length,weight
0.0,442.0,715.0
201600.0,501.06070269699995,1193.6838599950495
