time,length,weight
0.0,442.0,715.0
201600.0,499.87467043292145,1180.7388599950152
