time,length,weight
0.0,442.0,715.0
201600.0,499.79081914914735,1178.739959995124
