time,length,weight
0.0,442.0,715.0
201600.0,497.9079608471093,1158.2420699952409
