time,length,weight
0.0,442.0,715.0
201600.0,501.30357408487066,1197.3560799943784
