time,Liver_oc_infest,length,prey_parasitation,weight
0.0,0.0,,,
0.0,,442.0,,864.0
201600.0,2.389487561271495,,,
201600.0,,529.9880547761219,,1784.97890998899
