time,Liver_oc_infest,length,prey_parasitation,weight
0.0,0.0,,,
0.0,,442.0,,864.0
201600.0,2.498761241415014,,,
201600.0,,531.3297096531994,,1798.6872299888669
