time,Liver_oc_infest,length,prey_parasitation,weight
0.0,0.0,,,
0.0,,442.0,,864.0
201600.0,2.548773521268304,,,
201600.0,,528.3792265724157,,1768.7647599889176
