time,Liver_oc_infest,length,prey_parasitation,weight
0.0,0.0,,,
0.0,,442.0,,864.0
201600.0,2.647003027394667,,,
201600.0,,529.7488121638767,,1782.86718998887
