time,Liver_oc_infest,length,prey_parasitation,weight
0.0,0.0,,,
0.0,,442.0,,864.0
201600.0,2.682511424372961,,,
201600.0,,531.3845722697015,,1799.1996899887902
