time,Liver_oc_infest,length,prey_parasitation,weight
0.0,0.0,,,
0.0,,442.0,,864.0
201600.0,2.6388882777627947,,,
201600.0,,528.5338351638021,,1770.265559989001
