time,Liver_oc_infest,length,prey_parasitation,weight
0.0,0.0,,,
0.0,,442.0,,864.0
201600.0,2.5396574851143385,,,
201600.0,,530.8298325956636,,1793.387749988772
