time,Liver_oc_infest,length,prey_parasitation,weight
0.0,0.0,,,
0.0,,442.0,,864.0
201600.0,2.263748030319244,,,
201600.0,,529.6932175577969,,1782.05160998891
