time,Liver_oc_infest,length,prey_parasitation,weight
0.0,0.0,,,
0.0,,442.0,,864.0
201600.0,2.585722183842825,,,
201600.0,,528.1037468547696,,1765.9187499890104
