time,Liver_oc_infest,length,prey_parasitation,weight
0.0,0.0,,,
0.0,,442.0,,864.0
201600.0,2.5001949813001763,,,
201600.0,,528.207375588127,,1766.9481799890075
