time,Liver_oc_infest,length,prey_parasitation,weight
0.0,0.0,,,
0.0,,442.0,,864.0
201600.0,2.910666258090734,,,
201600.0,,529.8771937379762,,1784.0566899887183
