time,Liver_oc_infest,length,prey_parasitation,weight
0.0,0.0,,,
0.0,,442.0,,864.0
201600.0,2.7793122941668615,,,
201600.0,,529.3598752256783,,1778.8179399888036
