time,Liver_oc_infest,length,prey_parasitation,weight
0.0,0.0,,,
0.0,,442.0,,864.0
201600.0,2.6318054383453355,,,
201600.0,,528.9876328447452,,1774.729499988833
