time,Liver_oc_infest,length,prey_parasitation,weight
0.0,0.0,,,
0.0,,442.0,,864.0
201600.0,2.688237124998576,,,
201600.0,,526.6596501275479,,1751.7069399890236
