time,Liver_oc_infest,length,prey_parasitation,weight
0.0,0.0,,,
0.0,,442.0,,864.0
201600.0,2.517438062224076,,,
201600.0,,529.7249380656269,,1782.1593799890397
