time,Liver_oc_infest,length,prey_parasitation,weight
0.0,0.0,,,
0.0,,442.0,,864.0
201600.0,2.6979916659328596,,,
201600.0,,531.2605520738971,,1797.990849989055
