time,Liver_oc_infest,length,prey_parasitation,weight
0.0,0.0,,,
0.0,,442.0,,864.0
201600.0,2.6286742018559157,,,
201600.0,,528.5538467167326,,1770.5552699891136
