time,Liver_oc_infest,length,prey_parasitation,weight
0.0,0.0,,,
0.0,,442.0,,864.0
201600.0,2.4095046573834233,,,
201600.0,,528.6507128894671,,1771.8527799889312
