time,Liver_oc_infest,length,prey_parasitation,weight
0.0,0.0,,,
0.0,,442.0,,864.0
201600.0,2.4312778105266486,,,
201600.0,,528.0410497688285,,1765.4457299888606
