time,Liver_oc_infest,length,prey_parasitation,weight
0.0,0.0,,,
0.0,,442.0,,864.0
201600.0,2.3798371708982633,,,
201600.0,,528.8774419657474,,1773.931229988923
