time,Liver_oc_infest,length,prey_parasitation,weight
0.0,0.0,,,
0.0,,442.0,,605.0
201600.0,16.957305472184242,,,
201600.0,,488.9076513798525,,1044.0543799968846
