time,Liver_oc_infest,length,prey_parasitation,weight
0.0,0.0,,,
0.0,,442.0,,605.0
201600.0,16.99491453089574,,,
201600.0,,486.26634589472303,,1019.7533099972576
