time,Liver_oc_infest,length,prey_parasitation,weight
0.0,0.0,,,
0.0,,442.0,,605.0
201600.0,16.862270891367626,,,
201600.0,,488.43045450373415,,1039.597169996945
