time,Liver_oc_infest,length,prey_parasitation,weight
0.0,0.0,,,
0.0,,442.0,,605.0
201600.0,17.681145519198775,,,
201600.0,,487.3776918538855,,1031.8136699970269
