time,Liver_oc_infest,length,prey_parasitation,weight
0.0,0.0,,,
0.0,,442.0,,605.0
201600.0,17.921595195069923,,,
201600.0,,488.89668177333056,,1043.08097999693
