time,Liver_oc_infest,length,prey_parasitation,weight
0.0,0.0,,,
0.0,,442.0,,605.0
201600.0,17.172788439089764,,,
201600.0,,484.89373206262263,,1012.5064999972957
