time,Liver_oc_infest,length,prey_parasitation,weight
0.0,0.0,,,
0.0,,442.0,,605.0
201600.0,17.218134825384073,,,
201600.0,,485.3007009925715,,1012.4875499972976
