time,Liver_oc_infest,length,prey_parasitation,weight
0.0,0.0,,,
0.0,,442.0,,605.0
201600.0,17.301670814335566,,,
201600.0,,488.27904776376675,,1038.5810999969349
