time,Liver_oc_infest,length,prey_parasitation,weight
0.0,0.0,,,
0.0,,442.0,,605.0
201600.0,16.937500622392864,,,
201600.0,,486.26381853026203,,1022.504819997229
