time,Liver_oc_infest,length,prey_parasitation,weight
0.0,0.0,,,
0.0,,442.0,,605.0
201600.0,17.421751323684365,,,
201600.0,,487.74783458009233,,1033.2478999970187
