time,Liver_oc_infest,length,prey_parasitation,weight
0.0,0.0,,,
0.0,,442.0,,605.0
201600.0,16.789664419147236,,,
201600.0,,489.67150380916246,,1050.155449996832
