time,Liver_oc_infest,length,prey_parasitation,weight
0.0,0.0,,,
0.0,,442.0,,605.0
201600.0,16.62299867717058,,,
201600.0,,487.5613651513799,,1033.3520799970001
