time,Liver_oc_infest,length,prey_parasitation,weight
0.0,0.0,,,
0.0,,442.0,,605.0
201600.0,17.070248086152883,,,
201600.0,,486.08521406347063,,1021.7606399972306
