time,Liver_oc_infest,length,prey_parasitation,weight
0.0,0.0,,,
0.0,,442.0,,605.0
201600.0,17.850866484398924,,,
201600.0,,487.870741509668,,1033.1166899970203
