time,Liver_oc_infest,length,prey_parasitation,weight
0.0,0.0,,,
0.0,,442.0,,605.0
201600.0,17.198075696304244,,,
201600.0,,488.62088880981526,,1042.2101199969024
