time,Liver_oc_infest,length,prey_parasitation,weight
0.0,0.0,,,
0.0,,442.0,,605.0
201600.0,16.269095883398794,,,
201600.0,,490.13159721804453,,1057.0576099968232
