time,Liver_oc_infest,length,prey_parasitation,weight
0.0,0.0,,,
0.0,,442.0,,605.0
201600.0,17.197659125571658,,,
201600.0,,486.67962737131916,,1024.746719997077
