time,Liver_oc_infest,length,prey_parasitation,weight
0.0,0.0,,,
0.0,,442.0,,605.0
201600.0,16.992151746501793,,,
201600.0,,486.41879815521645,,1023.2358999972297
