time,Liver_oc_infest,length,prey_parasitation,weight
0.0,0.0,,,
0.0,,442.0,,605.0
201600.0,17.604893257359425,,,
201600.0,,487.9580837314311,,1035.9311699969642
