time,Liver_oc_infest,length,prey_parasitation,weight
0.0,0.0,,,
0.0,,442.0,,605.0
201600.0,17.702435521362386,,,
201600.0,,487.12225454626196,,1030.2027699970176
