time,length,weight
0.0,442.0,715.0
201600.0,487.23663340832917,1052.9519699977236
