time,length,weight
0.0,442.0,715.0
201600.0,487.10305961110805,1051.845539997711
