time,length,weight
0.0,442.0,715.0
201600.0,487.8454073552816,1057.7197699976582
