time,length,weight
0.0,442.0,715.0
201600.0,486.51462278255804,1047.5641499977705
