time,length,weight
0.0,442.0,715.0
201600.0,486.91073462706873,1051.4870099977447
