time,length,weight
0.0,442.0,715.0
201600.0,487.3847383725891,1054.318809997703
