time,length,weight
0.0,442.0,715.0
201600.0,487.21927554326544,1053.448289997726
