time,length,weight
0.0,442.0,715.0
201600.0,486.70348349989456,1050.1952399977188
