time,length,weight
0.0,442.0,715.0
201600.0,487.4824402075539,1055.4367899977085
