time,length,weight
0.0,442.0,715.0
201600.0,487.73183071542985,1056.8414199977158
