time,length,weight
0.0,442.0,715.0
201600.0,488.0482828463706,1060.1867099973924
