time,length,weight
0.0,442.0,715.0
201600.0,486.4779129646861,1047.7384299977407
