time,length,weight
0.0,442.0,715.0
201600.0,487.19294068808125,1052.7625999977395
