time,length,weight
0.0,442.0,715.0
201600.0,488.0342052198273,1060.7545799973625
