time,length,weight
0.0,442.0,715.0
201600.0,487.45054523659826,1056.9326099976872
