time,length,weight
0.0,442.0,715.0
201600.0,487.1951234579014,1053.0738099977177
