time,length,weight
0.0,442.0,715.0
201600.0,487.76381641362144,1057.5039999975816
