time,length,weight
0.0,442.0,715.0
201600.0,487.1699180909237,1054.133719997732
