time,length,weight
0.0,442.0,715.0
201600.0,485.71234605718223,1032.7743999978613
