time,length,weight
0.0,442.0,715.0
201600.0,486.70707821539133,1040.8557699978087
