time,length,weight
0.0,442.0,715.0
201600.0,488.10932417231265,1058.5016599970404
