time,length,weight
0.0,442.0,715.0
201600.0,488.07181839562355,1055.6905299975977
