time,length,weight
0.0,442.0,715.0
201600.0,488.54321943992306,1058.3954399975896
