time,length,weight
0.0,442.0,715.0
201600.0,487.60564060479163,1051.4582999975544
