time,length,weight
0.0,442.0,715.0
201600.0,485.6736549410479,1034.299819997904
