time,length,weight
0.0,442.0,715.0
201600.0,487.76428956730706,1052.8395899973946
