time,length,weight
0.0,442.0,715.0
201600.0,487.60791529468423,1048.3020899973412
