time,length,weight
0.0,442.0,715.0
201600.0,486.9386046718141,1042.225379997825
