time,length,weight
0.0,442.0,715.0
201600.0,487.06472757805534,1043.9028499975336
