time,length,weight
0.0,442.0,715.0
201600.0,486.53441299207,1040.2379599975839
