time,length,weight
0.0,442.0,715.0
201600.0,488.0556236250745,1054.8133199969157
