time,length,weight
0.0,442.0,715.0
201600.0,487.31002036550416,1046.7394999975172
