time,length,weight
0.0,442.0,715.0
201600.0,487.9195780142453,1052.5910199970228
