time,length,weight
0.0,442.0,715.0
201600.0,488.5035368394956,1060.9775599970953
