time,length,weight
0.0,442.0,715.0
201600.0,487.6594466122406,1051.1916399969834
