time,length,weight
0.0,442.0,715.0
201600.0,486.92813186786304,1042.3926399978807
