time,Liver_oc_infest,length,prey_parasitation,weight
0.0,0.0,,,
0.0,,442.0,,715.0
201600.0,7.552261360558784,,,
201600.0,,501.3063322854907,,1190.2496599959302
