time,Liver_oc_infest,length,prey_parasitation,weight
0.0,0.0,,,
0.0,,442.0,,715.0
201600.0,2.837992361821636,,,
201600.0,,501.69176055569335,,1196.9274599957662
