time,Liver_oc_infest,length,prey_parasitation,weight
0.0,0.0,,,
0.0,,442.0,,715.0
201600.0,12.914188230316729,,,
201600.0,,502.4396413684865,,1207.2361599958233
