time,Liver_oc_infest,length,prey_parasitation,weight
0.0,0.0,,,
0.0,,442.0,,715.0
201600.0,11.974743192019112,,,
201600.0,,501.8422070925098,,1199.0028799958611
