time,Liver_oc_infest,length,prey_parasitation,weight
0.0,0.0,,,
0.0,,442.0,,715.0
201600.0,2.6032010438464592,,,
201600.0,,499.41466008572564,,1173.0608699960583
