time,Liver_oc_infest,length,prey_parasitation,weight
0.0,0.0,,,
0.0,,442.0,,715.0
201600.0,6.2017314339523075,,,
201600.0,,500.7350200523093,,1188.785199995941
