time,Liver_oc_infest,length,prey_parasitation,weight
0.0,0.0,,,
0.0,,442.0,,715.0
201600.0,8.512684151447491,,,
201600.0,,502.5480722133784,,1207.2470799958644
