time,Liver_oc_infest,length,prey_parasitation,weight
0.0,0.0,,,
0.0,,442.0,,715.0
201600.0,7.552427355096234,,,
201600.0,,499.5741047645872,,1173.8414399960104
