time,Liver_oc_infest,length,prey_parasitation,weight
0.0,0.0,,,
0.0,,442.0,,715.0
201600.0,6.2021732012936805,,,
201600.0,,500.4141037903581,,1185.1534699960757
