time,Liver_oc_infest,length,prey_parasitation,weight
0.0,0.0,,,
0.0,,442.0,,715.0
201600.0,8.51274040373153,,,
201600.0,,501.62406288751686,,1195.5450099958234
