time,Liver_oc_infest,length,prey_parasitation,weight
0.0,0.0,,,
0.0,,442.0,,715.0
201600.0,9.501876598571014,,,
201600.0,,503.4149220482471,,1216.1623899955207
