time,Liver_oc_infest,length,prey_parasitation,weight
0.0,0.0,,,
0.0,,442.0,,715.0
201600.0,5.782583630384107,,,
201600.0,,498.1001394606774,,1159.0036899960146
