time,Liver_oc_infest,length,prey_parasitation,weight
0.0,0.0,,,
0.0,,442.0,,715.0
201600.0,4.2846331056028255,,,
201600.0,,502.50021837732214,,1202.5040699956046
