time,Liver_oc_infest,length,prey_parasitation,weight
0.0,0.0,,,
0.0,,442.0,,715.0
201600.0,4.9961417407420345,,,
201600.0,,502.22193762622635,,1201.8269299959068
