time,Liver_oc_infest,length,prey_parasitation,weight
0.0,0.0,,,
0.0,,442.0,,715.0
201600.0,3.0903278303308235,,,
201600.0,,501.29212911489367,,1193.2333499955967
