time,Liver_oc_infest,length,prey_parasitation,weight
0.0,0.0,,,
0.0,,442.0,,715.0
201600.0,4.996006370246226,,,
201600.0,,500.1286695956046,,1182.817009996154
