time,Liver_oc_infest,length,prey_parasitation,weight
0.0,0.0,,,
0.0,,442.0,,715.0
201600.0,5.782297197683928,,,
201600.0,,500.24444326236545,,1183.4307699960277
