time,Liver_oc_infest,length,prey_parasitation,weight
0.0,0.0,,,
0.0,,442.0,,715.0
201600.0,7.0880711844221915,,,
201600.0,,503.15855622948965,,1211.5748799959533
