time,Liver_oc_infest,length,prey_parasitation,weight
0.0,0.0,,,
0.0,,442.0,,715.0
201600.0,4.2846247340921035,,,
201600.0,,500.3424029189219,,1181.2278999958403
