time,Liver_oc_infest,length,prey_parasitation,weight
0.0,0.0,,,
0.0,,442.0,,715.0
201600.0,9.501921540164178,,,
201600.0,,503.1221237639415,,1209.968139995493
