time,Liver_oc_infest,length,prey_parasitation,weight
0.0,0.0,,,
0.0,,442.0,,715.0
201600.0,19.99996968094929,,,
201600.0,,500.06399367839606,,1187.6447399951053
