time,Liver_oc_infest,length,prey_parasitation,weight
0.0,0.0,,,
0.0,,442.0,,715.0
201600.0,19.99998335961742,,,
201600.0,,499.2033952145622,,1181.0958999953903
