time,Liver_oc_infest,length,prey_parasitation,weight
0.0,0.0,,,
0.0,,442.0,,715.0
201600.0,19.99998767214549,,,
201600.0,,500.9706652616569,,1199.2854699949823
