time,Liver_oc_infest,length,prey_parasitation,weight
0.0,0.0,,,
0.0,,442.0,,715.0
201600.0,19.999950014604412,,,
201600.0,,500.3543713512174,,1193.4354999949428
