time,Liver_oc_infest,length,prey_parasitation,weight
0.0,0.0,,,
0.0,,442.0,,715.0
201600.0,19.999975176401477,,,
201600.0,,499.422796260834,,1183.5155499951568
