time,Liver_oc_infest,length,prey_parasitation,weight
0.0,0.0,,,
0.0,,442.0,,715.0
201600.0,19.99995477093747,,,
201600.0,,499.9396422798479,,1185.807619995111
