time,Liver_oc_infest,length,prey_parasitation,weight
0.0,0.0,,,
0.0,,442.0,,715.0
201600.0,19.99997256593537,,,
201600.0,,499.1246688517573,,1180.0728399954949
