time,Liver_oc_infest,length,prey_parasitation,weight
0.0,0.0,,,
0.0,,442.0,,715.0
201600.0,19.999979675775975,,,
201600.0,,502.42441980557857,,1212.1445399947781
