time,Liver_oc_infest,length,prey_parasitation,weight
0.0,0.0,,,
0.0,,442.0,,715.0
201600.0,19.99998884518726,,,
201600.0,,499.80529700978946,,1187.8935999950784
