time,Liver_oc_infest,length,prey_parasitation,weight
0.0,0.0,,,
0.0,,442.0,,715.0
201600.0,19.99996296890532,,,
201600.0,,500.2640073556073,,1191.5019999951062
