time,Liver_oc_infest,length,prey_parasitation,weight
0.0,0.0,,,
0.0,,442.0,,715.0
201600.0,19.999979675775975,,,
201600.0,,500.9512214143237,,1196.8194799950318
