time,Liver_oc_infest,length,prey_parasitation,weight
0.0,0.0,,,
0.0,,442.0,,715.0
201600.0,19.99997256593537,,,
201600.0,,500.95107152459565,,1196.2349899950866
