time,Liver_oc_infest,length,prey_parasitation,weight
0.0,0.0,,,
0.0,,442.0,,715.0
201600.0,19.999966492574245,,,
201600.0,,501.3638270436752,,1202.3662299949506
