time,Liver_oc_infest,length,prey_parasitation,weight
0.0,0.0,,,
0.0,,442.0,,715.0
201600.0,19.9999925224093,,,
201600.0,,500.1100575036502,,1191.4213399950463
