time,Liver_oc_infest,length,prey_parasitation,weight
0.0,0.0,,,
0.0,,442.0,,715.0
201600.0,19.999959074682426,,,
201600.0,,500.67582321177474,,1194.767859994941
