time,Liver_oc_infest,length,prey_parasitation,weight
0.0,0.0,,,
0.0,,442.0,,864.0
201600.0,2.0515481346552065,,,
201600.0,,520.7424462458738,,1676.5256799901213
