time,Liver_oc_infest,length,prey_parasitation,weight
0.0,0.0,,,
0.0,,442.0,,864.0
201600.0,2.0200775009735272,,,
201600.0,,521.8558265607932,,1692.4072399897739
