time,Liver_oc_infest,length,prey_parasitation,weight
0.0,0.0,,,
0.0,,442.0,,864.0
201600.0,2.2024717686946977,,,
201600.0,,521.3961773712308,,1684.486649989967
