time,Liver_oc_infest,length,prey_parasitation,weight
0.0,0.0,,,
0.0,,442.0,,864.0
201600.0,1.9525413491269703,,,
201600.0,,523.6382722704432,,1717.2605599899578
