time,Liver_oc_infest,length,prey_parasitation,weight
0.0,0.0,,,
0.0,,442.0,,864.0
201600.0,2.2385080372504698,,,
201600.0,,520.0154345177802,,1664.9316799900978
