time,Liver_oc_infest,length,prey_parasitation,weight
0.0,0.0,,,
0.0,,442.0,,864.0
201600.0,2.2575776965302032,,,
201600.0,,518.92737960663,,1654.5410399899204
