time,Liver_oc_infest,length,prey_parasitation,weight
0.0,0.0,,,
0.0,,442.0,,864.0
201600.0,2.041788615003704,,,
201600.0,,523.9193011835313,,1721.6844999899454
