time,Liver_oc_infest,length,prey_parasitation,weight
0.0,0.0,,,
0.0,,442.0,,864.0
201600.0,2.1494734975724112,,,
201600.0,,522.6552106145098,,1702.1507899902738
