time,Liver_oc_infest,length,prey_parasitation,weight
0.0,0.0,,,
0.0,,442.0,,864.0
201600.0,2.4743049236516206,,,
201600.0,,521.1489871821907,,1681.3461399900946
