time,Liver_oc_infest,length,prey_parasitation,weight
0.0,0.0,,,
0.0,,442.0,,864.0
201600.0,2.0166794416780975,,,
201600.0,,519.9646832017892,,1663.1945399900676
