time,Liver_oc_infest,length,prey_parasitation,weight
0.0,0.0,,,
0.0,,442.0,,864.0
201600.0,2.018984856484815,,,
201600.0,,521.645885896386,,1690.43269998997
