time,Liver_oc_infest,length,prey_parasitation,weight
0.0,0.0,,,
0.0,,442.0,,864.0
201600.0,2.163150974033199,,,
201600.0,,522.04826804935,,1693.701699990011
