time,Liver_oc_infest,length,prey_parasitation,weight
0.0,0.0,,,
0.0,,442.0,,864.0
201600.0,2.137841801131766,,,
201600.0,,521.2436297450901,,1681.647139989856
