time,Liver_oc_infest,length,prey_parasitation,weight
0.0,0.0,,,
0.0,,442.0,,864.0
201600.0,1.8825909517764676,,,
201600.0,,522.039571231897,,1694.651489990148
