time,Liver_oc_infest,length,prey_parasitation,weight
0.0,0.0,,,
0.0,,442.0,,864.0
201600.0,2.218207449501838,,,
201600.0,,523.2815408691175,,1714.4793799900758
