time,Liver_oc_infest,length,prey_parasitation,weight
0.0,0.0,,,
0.0,,442.0,,864.0
201600.0,2.1319704842732463,,,
201600.0,,522.766455451437,,1707.0351599898759
