time,Liver_oc_infest,length,prey_parasitation,weight
0.0,0.0,,,
0.0,,442.0,,864.0
201600.0,2.1966599329927323,,,
201600.0,,521.7083815483667,,1690.835749990261
