time,Liver_oc_infest,length,prey_parasitation,weight
0.0,0.0,,,
0.0,,442.0,,864.0
201600.0,2.3676504922728037,,,
201600.0,,520.3985621816242,,1673.7758099901232
