time,Liver_oc_infest,length,prey_parasitation,weight
0.0,0.0,,,
0.0,,442.0,,605.0
201600.0,19.154835260189426,,,
201600.0,,511.74476798274003,,1293.682959993788
