time,Liver_oc_infest,length,prey_parasitation,weight
0.0,0.0,,,
0.0,,442.0,,605.0
201600.0,19.301205863785853,,,
201600.0,,509.60337369841204,,1269.6200699939109
