time,Liver_oc_infest,length,prey_parasitation,weight
0.0,0.0,,,
0.0,,442.0,,605.0
201600.0,18.895022628682085,,,
201600.0,,510.3133618208951,,1276.231129993914
