time,Liver_oc_infest,length,prey_parasitation,weight
0.0,0.0,,,
0.0,,442.0,,605.0
201600.0,18.85102118806012,,,
201600.0,,507.7702864180965,,1248.2304599944216
