time,Liver_oc_infest,length,prey_parasitation,weight
0.0,0.0,,,
0.0,,442.0,,605.0
201600.0,18.952211725483746,,,
201600.0,,508.50215283387337,,1259.437209994303
