time,Liver_oc_infest,length,prey_parasitation,weight
0.0,0.0,,,
0.0,,442.0,,605.0
201600.0,19.18450317706876,,,
201600.0,,509.18223605616606,,1264.7553999939996
