time,Liver_oc_infest,length,prey_parasitation,weight
0.0,0.0,,,
0.0,,442.0,,605.0
201600.0,19.112912024947892,,,
201600.0,,511.7343471030954,,1291.1518399937413
