time,Liver_oc_infest,length,prey_parasitation,weight
0.0,0.0,,,
0.0,,442.0,,605.0
201600.0,19.154848818736003,,,
201600.0,,508.4822250974608,,1256.048029994286
