time,Liver_oc_infest,length,prey_parasitation,weight
0.0,0.0,,,
0.0,,442.0,,605.0
201600.0,18.89808069041744,,,
201600.0,,508.00169143303634,,1253.970739994322
