time,Liver_oc_infest,length,prey_parasitation,weight
0.0,0.0,,,
0.0,,442.0,,605.0
201600.0,18.78583540528469,,,
201600.0,,509.8897513523982,,1271.957929993997
