time,Liver_oc_infest,length,prey_parasitation,weight
0.0,0.0,,,
0.0,,442.0,,605.0
201600.0,19.066698127669323,,,
201600.0,,510.5327794510964,,1278.21411999391
