time,Liver_oc_infest,length,prey_parasitation,weight
0.0,0.0,,,
0.0,,442.0,,605.0
201600.0,19.225727251446408,,,
201600.0,,507.39811859673057,,1248.495819994364
