time,Liver_oc_infest,length,prey_parasitation,weight
0.0,0.0,,,
0.0,,442.0,,605.0
201600.0,18.968461354024768,,,
201600.0,,507.6490533926884,,1247.7621799943745
