time,Liver_oc_infest,length,prey_parasitation,weight
0.0,0.0,,,
0.0,,442.0,,605.0
201600.0,19.1332299205688,,,
201600.0,,509.5946441854549,,1266.681209993883
