time,Liver_oc_infest,length,prey_parasitation,weight
0.0,0.0,,,
0.0,,442.0,,605.0
201600.0,19.305768416648114,,,
201600.0,,509.03468935629644,,1262.3956199939294
