time,Liver_oc_infest,length,prey_parasitation,weight
0.0,0.0,,,
0.0,,442.0,,605.0
201600.0,19.36070166601658,,,
201600.0,,507.95572972134835,,1250.539789994313
