time,Liver_oc_infest,length,prey_parasitation,weight
0.0,0.0,,,
0.0,,442.0,,605.0
201600.0,19.032219797028528,,,
201600.0,,507.41976574601915,,1246.2575799943588
