time,Liver_oc_infest,length,prey_parasitation,weight
0.0,0.0,,,
0.0,,442.0,,605.0
201600.0,18.987134194983305,,,
201600.0,,508.30210010975696,,1252.343939994374
