time,Liver_oc_infest,length,prey_parasitation,weight
0.0,0.0,,,
0.0,,442.0,,605.0
201600.0,19.02593109634963,,,
201600.0,,511.78318474599195,,1292.5956799936916
