time,Liver_oc_infest,length,prey_parasitation,weight
0.0,0.0,,,
0.0,,442.0,,605.0
201600.0,19.0661465079495,,,
201600.0,,509.7125557078716,,1270.8548599940134
