time,Liver_oc_infest,length,prey_parasitation,weight
0.0,0.0,,,
0.0,,442.0,,715.0
201600.0,11.975624437727094,,,
201600.0,,528.9902588889764,,1539.2172899917484
