time,Liver_oc_infest,length,prey_parasitation,weight
0.0,0.0,,,
0.0,,442.0,,715.0
201600.0,16.64134522952002,,,
201600.0,,529.3880931596469,,1543.9058799916425
