time,Liver_oc_infest,length,prey_parasitation,weight
0.0,0.0,,,
0.0,,442.0,,715.0
201600.0,10.001897718162082,,,
201600.0,,530.4087282783953,,1562.282339991551
