time,Liver_oc_infest,length,prey_parasitation,weight
0.0,0.0,,,
0.0,,442.0,,715.0
201600.0,12.45082473460629,,,
201600.0,,529.599610568801,,1540.3128899917428
