time,Liver_oc_infest,length,prey_parasitation,weight
0.0,0.0,,,
0.0,,442.0,,715.0
201600.0,5.380791114997436,,,
201600.0,,530.796787388789,,1561.50740999133
