time,Liver_oc_infest,length,prey_parasitation,weight
0.0,0.0,,,
0.0,,442.0,,715.0
201600.0,10.998777523708567,,,
201600.0,,531.3779986997664,,1570.416839991468
