time,Liver_oc_infest,length,prey_parasitation,weight
0.0,0.0,,,
0.0,,442.0,,715.0
201600.0,17.616514620233755,,,
201600.0,,530.7461459568069,,1564.0941099916151
