time,Liver_oc_infest,length,prey_parasitation,weight
0.0,0.0,,,
0.0,,442.0,,715.0
201600.0,10.99862171945739,,,
201600.0,,530.525258296966,,1556.5364499914506
