time,Liver_oc_infest,length,prey_parasitation,weight
0.0,0.0,,,
0.0,,442.0,,715.0
201600.0,12.451545074647969,,,
201600.0,,527.8395170387204,,1523.2116599918256
