time,Liver_oc_infest,length,prey_parasitation,weight
0.0,0.0,,,
0.0,,442.0,,715.0
201600.0,13.364913194003194,,,
201600.0,,530.3759938046019,,1552.877529991569
