time,Liver_oc_infest,length,prey_parasitation,weight
0.0,0.0,,,
0.0,,442.0,,715.0
201600.0,12.450866747436026,,,
201600.0,,529.7973313013664,,1550.767909991601
