time,Liver_oc_infest,length,prey_parasitation,weight
0.0,0.0,,,
0.0,,442.0,,715.0
201600.0,13.801005664301684,,,
201600.0,,529.4080422762702,,1541.7281099916277
