time,Liver_oc_infest,length,prey_parasitation,weight
0.0,0.0,,,
0.0,,442.0,,715.0
201600.0,2.8384082333412413,,,
201600.0,,529.4616012259165,,1541.2549899912217
