time,Liver_oc_infest,length,prey_parasitation,weight
0.0,0.0,,,
0.0,,442.0,,715.0
201600.0,9.005176691909528,,,
201600.0,,530.8736463244518,,1563.9548499913678
