time,Liver_oc_infest,length,prey_parasitation,weight
0.0,0.0,,,
0.0,,442.0,,715.0
201600.0,9.50253907094117,,,
201600.0,,529.9047179700772,,1550.0829799915919
