time,Liver_oc_infest,length,prey_parasitation,weight
0.0,0.0,,,
0.0,,442.0,,715.0
201600.0,10.998769908044071,,,
201600.0,,531.0191588796147,,1565.437539991444
