time,Liver_oc_infest,length,prey_parasitation,weight
0.0,0.0,,,
0.0,,442.0,,715.0
201600.0,18.853696739270813,,,
201600.0,,528.8805484894339,,1539.8561499917114
