time,Liver_oc_infest,length,prey_parasitation,weight
0.0,0.0,,,
0.0,,442.0,,715.0
201600.0,4.996777502392807,,,
201600.0,,529.4264466326641,,1540.0872699915037
