time,Liver_oc_infest,length,prey_parasitation,weight
0.0,0.0,,,
0.0,,442.0,,715.0
201600.0,10.501884645765207,,,
201600.0,,531.1225077513437,,1568.4144699913581
