time,Liver_oc_infest,length,prey_parasitation,weight
0.0,0.0,,,
0.0,,442.0,,715.0
201600.0,10.502195900188973,,,
201600.0,,531.6593373078629,,1572.7354599915163
