time,length,weight
0.0,442.0,715.0
201600.0,479.70492703507335,974.8082199987064
