time,length,weight
0.0,442.0,715.0
201600.0,479.14117863504504,969.8132899987473
