time,length,weight
0.0,442.0,715.0
201600.0,480.91467117849515,985.8246799986129
