time,length,weight
0.0,442.0,715.0
201600.0,480.99464416948615,987.5378099986065
