time,length,weight
0.0,442.0,715.0
201600.0,479.496561005904,974.5192499987053
