time,length,weight
0.0,442.0,715.0
201600.0,479.9425329492589,976.1253599986969
