time,length,weight
0.0,442.0,715.0
201600.0,480.49533360924306,981.9212699986423
