time,length,weight
0.0,442.0,715.0
201600.0,481.69799270199576,994.4313299985506
