time,length,weight
0.0,442.0,715.0
201600.0,481.0749867727884,988.885139998595
