time,length,weight
0.0,442.0,715.0
201600.0,479.5862581366444,974.5757199987021
