time,length,weight
0.0,442.0,715.0
201600.0,481.3678114140157,992.2876099985616
