time,length,weight
0.0,442.0,715.0
201600.0,481.4899687227652,992.7087799985654
