time,length,weight
0.0,442.0,715.0
201600.0,479.9776038217575,976.9484899986871
