time,length,weight
0.0,442.0,715.0
201600.0,481.03515114424835,990.5440099985803
