time,length,weight
0.0,442.0,715.0
201600.0,481.5229014297681,994.2190899985505
