time,length,weight
0.0,442.0,715.0
201600.0,481.56342307772525,994.266109998549
