time,length,weight
0.0,442.0,715.0
201600.0,481.990275491614,998.3069499985202
