time,Liver_oc_infest,length,prey_parasitation,weight
0.0,0.0,,,
0.0,,442.0,,715.0
201600.0,13.801054033049681,,,
201600.0,,517.9367954592589,,1389.4828299935723
