time,Liver_oc_infest,length,prey_parasitation,weight
0.0,0.0,,,
0.0,,442.0,,715.0
201600.0,1.3834384910368516,,,
201600.0,,517.8154163183254,,1389.4238999933
