time,Liver_oc_infest,length,prey_parasitation,weight
0.0,0.0,,,
0.0,,442.0,,715.0
201600.0,14.220219858271545,,,
201600.0,,518.3298385822585,,1399.5899399935588
