time,Liver_oc_infest,length,prey_parasitation,weight
0.0,0.0,,,
0.0,,442.0,,715.0
201600.0,10.001968049712481,,,
201600.0,,516.5826009506043,,1373.031679993724
