time,Liver_oc_infest,length,prey_parasitation,weight
0.0,0.0,,,
0.0,,442.0,,715.0
201600.0,9.502354239929108,,,
201600.0,,519.2786521366662,,1407.2644899934473
