time,Liver_oc_infest,length,prey_parasitation,weight
0.0,0.0,,,
0.0,,442.0,,715.0
201600.0,4.284506728470952,,,
201600.0,,516.418102947841,,1370.3465399935862
