time,Liver_oc_infest,length,prey_parasitation,weight
0.0,0.0,,,
0.0,,442.0,,715.0
201600.0,5.782621485831533,,,
201600.0,,517.8366873420292,,1388.1658599934783
