time,Liver_oc_infest,length,prey_parasitation,weight
0.0,0.0,,,
0.0,,442.0,,715.0
201600.0,2.1830484217297434,,,
201600.0,,518.8486584243274,,1400.283329992949
