time,Liver_oc_infest,length,prey_parasitation,weight
0.0,0.0,,,
0.0,,442.0,,715.0
201600.0,12.45076026915471,,,
201600.0,,518.2788784792957,,1396.379789993609
