time,Liver_oc_infest,length,prey_parasitation,weight
0.0,0.0,,,
0.0,,442.0,,715.0
201600.0,8.51271668157555,,,
201600.0,,520.3524346090593,,1420.2966799929718
