time,Liver_oc_infest,length,prey_parasitation,weight
0.0,0.0,,,
0.0,,442.0,,715.0
201600.0,7.552610356231996,,,
201600.0,,520.4667543560338,,1420.754039993111
