time,Liver_oc_infest,length,prey_parasitation,weight
0.0,0.0,,,
0.0,,442.0,,715.0
201600.0,10.501499558317152,,,
201600.0,,520.6713995328533,,1421.3295399930419
