time,Liver_oc_infest,length,prey_parasitation,weight
0.0,0.0,,,
0.0,,442.0,,715.0
201600.0,4.996444498082601,,,
201600.0,,517.1506801422087,,1381.4894999934752
