time,Liver_oc_infest,length,prey_parasitation,weight
0.0,0.0,,,
0.0,,442.0,,715.0
201600.0,12.450482097148083,,,
201600.0,,517.19816701614,,1381.573509993646
