time,Liver_oc_infest,length,prey_parasitation,weight
0.0,0.0,,,
0.0,,442.0,,715.0
201600.0,10.998404656748269,,,
201600.0,,518.7331016873328,,1399.1581799935
