time,Liver_oc_infest,length,prey_parasitation,weight
0.0,0.0,,,
0.0,,442.0,,715.0
201600.0,6.202176609702185,,,
201600.0,,521.7318180475888,,1431.8743499927948
