time,Liver_oc_infest,length,prey_parasitation,weight
0.0,0.0,,,
0.0,,442.0,,715.0
201600.0,9.004970594714218,,,
201600.0,,518.1344732394251,,1392.83229999346
