time,Liver_oc_infest,length,prey_parasitation,weight
0.0,0.0,,,
0.0,,442.0,,715.0
201600.0,10.501288222878255,,,
201600.0,,519.8936739765444,,1416.7952899933634
