time,Liver_oc_infest,length,prey_parasitation,weight
0.0,0.0,,,
0.0,,442.0,,715.0
201600.0,11.975592800654466,,,
201600.0,,519.6394329143385,,1411.6962799930068
