time,Liver_oc_infest,length,prey_parasitation,weight
0.0,0.0,,,
0.0,,442.0,,715.0
201600.0,12.914458062349476,,,
201600.0,,519.1542163801494,,1405.8825099929888
