time,length,weight
0.0,442.0,715.0
201600.0,510.0218846013903,1293.081709992698
