time,length,weight
0.0,442.0,715.0
201600.0,510.37735771913617,1301.5338699926242
