time,length,weight
0.0,442.0,715.0
201600.0,508.05210228218493,1271.8881199931411
