time,length,weight
0.0,442.0,715.0
201600.0,508.160819502372,1271.3165599929005
