time,length,weight
0.0,442.0,715.0
201600.0,511.29005374208833,1309.5533399926117
