time,length,weight
0.0,442.0,715.0
201600.0,508.90913962296503,1281.8878199929743
