time,length,weight
0.0,442.0,715.0
201600.0,509.6944582738138,1292.7281699926396
