time,length,weight
0.0,442.0,715.0
201600.0,507.1057619519074,1261.6432899935023
