time,length,weight
0.0,442.0,715.0
201600.0,507.5696651161461,1267.3540899931324
