time,length,weight
0.0,442.0,715.0
201600.0,508.9252504735165,1283.8424099925717
