time,length,weight
0.0,442.0,715.0
201600.0,507.9314125627519,1270.980849993112
