time,length,weight
0.0,442.0,715.0
201600.0,506.53930853584535,1255.3271999934132
