time,length,weight
0.0,442.0,715.0
201600.0,510.0033411191186,1296.3779099925869
