time,length,weight
0.0,442.0,715.0
201600.0,507.3501038280722,1263.8010499933177
