time,length,weight
0.0,442.0,715.0
201600.0,508.5453880077332,1277.7436099926897
