time,length,weight
0.0,442.0,715.0
201600.0,508.73038997842116,1280.1136499933853
