time,length,weight
0.0,442.0,715.0
201600.0,507.45452769434416,1266.2684099931125
