time,length,weight
0.0,442.0,715.0
201600.0,507.5332804803387,1268.8202999931743
