time,length,weight
0.0,442.0,715.0
201600.0,509.15557075157557,1284.8982999932607
