time,Liver_oc_infest,length,prey_parasitation,weight
0.0,0.0,,,
0.0,,442.0,,715.0
201600.0,6.202719366481223,,,
201600.0,,528.41390068445,,1527.9139299917863
