time,Liver_oc_infest,length,prey_parasitation,weight
0.0,0.0,,,
0.0,,442.0,,715.0
201600.0,12.914684238349595,,,
201600.0,,525.6593628355726,,1493.8713899922561
