time,Liver_oc_infest,length,prey_parasitation,weight
0.0,0.0,,,
0.0,,442.0,,715.0
201600.0,7.08907358172504,,,
201600.0,,525.2553842422988,,1485.355669992181
