time,Liver_oc_infest,length,prey_parasitation,weight
0.0,0.0,,,
0.0,,442.0,,715.0
201600.0,12.91496947734754,,,
201600.0,,526.8065993919789,,1508.519459992027
