time,Liver_oc_infest,length,prey_parasitation,weight
0.0,0.0,,,
0.0,,442.0,,715.0
201600.0,14.220079170223483,,,
201600.0,,527.0593500051522,,1507.7351299921154
