time,Liver_oc_infest,length,prey_parasitation,weight
0.0,0.0,,,
0.0,,442.0,,715.0
201600.0,1.8234643827376786,,,
201600.0,,525.3692562191721,,1486.8958399919125
