time,Liver_oc_infest,length,prey_parasitation,weight
0.0,0.0,,,
0.0,,442.0,,715.0
201600.0,13.801531593847411,,,
201600.0,,527.2964244765802,,1514.9463499920162
