time,Liver_oc_infest,length,prey_parasitation,weight
0.0,0.0,,,
0.0,,442.0,,715.0
201600.0,4.996521121941386,,,
201600.0,,527.0022300289932,,1508.8351799916804
