time,Liver_oc_infest,length,prey_parasitation,weight
0.0,0.0,,,
0.0,,442.0,,715.0
201600.0,16.352639590096842,,,
201600.0,,527.2001495869182,,1515.9801399920223
