time,Liver_oc_infest,length,prey_parasitation,weight
0.0,0.0,,,
0.0,,442.0,,715.0
201600.0,9.005575272303846,,,
201600.0,,525.9579425888658,,1494.7170199919117
