time,Liver_oc_infest,length,prey_parasitation,weight
0.0,0.0,,,
0.0,,442.0,,715.0
201600.0,9.0056374806332,,,
201600.0,,529.1272868177117,,1535.0269799917066
