time,Liver_oc_infest,length,prey_parasitation,weight
0.0,0.0,,,
0.0,,442.0,,715.0
201600.0,16.6410096949406,,,
201600.0,,528.9294107683288,,1541.6528399917836
