time,Liver_oc_infest,length,prey_parasitation,weight
0.0,0.0,,,
0.0,,442.0,,715.0
201600.0,10.002086724703284,,,
201600.0,,529.8126929772075,,1545.373519991826
