time,Liver_oc_infest,length,prey_parasitation,weight
0.0,0.0,,,
0.0,,442.0,,715.0
201600.0,15.371285550945425,,,
201600.0,,528.8097021190222,,1530.347059992033
