time,Liver_oc_infest,length,prey_parasitation,weight
0.0,0.0,,,
0.0,,442.0,,715.0
201600.0,4.996521112175518,,,
201600.0,,526.5459731643443,,1504.8531699917776
