time,Liver_oc_infest,length,prey_parasitation,weight
0.0,0.0,,,
0.0,,442.0,,715.0
201600.0,8.028637922154694,,,
201600.0,,529.1329913878462,,1538.6341099918773
