time,Liver_oc_infest,length,prey_parasitation,weight
0.0,0.0,,,
0.0,,442.0,,715.0
201600.0,4.996565474122312,,,
201600.0,,527.4528871982403,,1512.842419991725
