time,Liver_oc_infest,length,prey_parasitation,weight
0.0,0.0,,,
0.0,,442.0,,715.0
201600.0,9.005103077498866,,,
201600.0,,528.6154975060659,,1529.5355999919168
