time,Liver_oc_infest,length,prey_parasitation,weight
0.0,0.0,,,
0.0,,442.0,,715.0
201600.0,12.914684232457647,,,
201600.0,,529.0338152575778,,1535.4428999917654
