time,Liver_oc_infest,length,prey_parasitation,weight
0.0,0.0,,,
0.0,,442.0,,715.0
201600.0,11.491315913000816,,,
201600.0,,526.3688380516459,,1500.1048699918283
