time,Liver_oc_infest,length,prey_parasitation,weight
0.0,0.0,,,
0.0,,442.0,,950.0
201600.0,0.8816783162415842,,,
201600.0,,543.7173695044137,,1927.3238899878029
