time,Liver_oc_infest,length,prey_parasitation,weight
0.0,0.0,,,
0.0,,442.0,,950.0
201600.0,0.7894476150691423,,,
201600.0,,539.083468495406,,1878.7663099879182
