time,Liver_oc_infest,length,prey_parasitation,weight
0.0,0.0,,,
0.0,,442.0,,950.0
201600.0,0.8092016970838143,,,
201600.0,,541.1991942542394,,1900.4575599880627
