time,Liver_oc_infest,length,prey_parasitation,weight
0.0,0.0,,,
0.0,,442.0,,950.0
201600.0,0.7901846517116905,,,
201600.0,,541.3533544499415,,1902.3945399879053
