time,Liver_oc_infest,length,prey_parasitation,weight
0.0,0.0,,,
0.0,,442.0,,950.0
201600.0,0.810152802340042,,,
201600.0,,543.2966152120636,,1922.77796998771
