time,Liver_oc_infest,length,prey_parasitation,weight
0.0,0.0,,,
0.0,,442.0,,950.0
201600.0,0.7614518953209531,,,
201600.0,,542.2539383229761,,1911.8120899877983
