time,Liver_oc_infest,length,prey_parasitation,weight
0.0,0.0,,,
0.0,,442.0,,950.0
201600.0,0.8108735279178029,,,
201600.0,,541.9642454356119,,1908.905879988114
