time,Liver_oc_infest,length,prey_parasitation,weight
0.0,0.0,,,
0.0,,442.0,,950.0
201600.0,0.7746596555364915,,,
201600.0,,542.1590273488538,,1910.887729987807
