time,Liver_oc_infest,length,prey_parasitation,weight
0.0,0.0,,,
0.0,,442.0,,950.0
201600.0,0.8336246215493941,,,
201600.0,,542.5722798151846,,1915.272369987906
