time,Liver_oc_infest,length,prey_parasitation,weight
0.0,0.0,,,
0.0,,442.0,,950.0
201600.0,0.820677432105153,,,
201600.0,,539.28788019846,,1880.612859987862
