time,Liver_oc_infest,length,prey_parasitation,weight
0.0,0.0,,,
0.0,,442.0,,950.0
201600.0,0.7337586678843145,,,
201600.0,,541.1591704514246,,1900.1535299879604
