time,Liver_oc_infest,length,prey_parasitation,weight
0.0,0.0,,,
0.0,,442.0,,950.0
201600.0,0.7395803678328563,,,
201600.0,,542.0880992225514,,1909.8292199878636
