time,Liver_oc_infest,length,prey_parasitation,weight
0.0,0.0,,,
0.0,,442.0,,950.0
201600.0,0.7836214318589693,,,
201600.0,,542.1637341995022,,1911.0968399879162
