time,Liver_oc_infest,length,prey_parasitation,weight
0.0,0.0,,,
0.0,,442.0,,950.0
201600.0,0.830188430524392,,,
201600.0,,543.7754231494804,,1927.6377399875187
