time,Liver_oc_infest,length,prey_parasitation,weight
0.0,0.0,,,
0.0,,442.0,,950.0
201600.0,0.7464820472792457,,,
201600.0,,538.8054012544565,,1875.4010099877312
