time,Liver_oc_infest,length,prey_parasitation,weight
0.0,0.0,,,
0.0,,442.0,,950.0
201600.0,0.8539466856533136,,,
201600.0,,544.6520025319436,,1937.2149399876675
