time,Liver_oc_infest,length,prey_parasitation,weight
0.0,0.0,,,
0.0,,442.0,,950.0
201600.0,0.888389115316604,,,
201600.0,,544.1917326643813,,1932.2923299877843
