time,Liver_oc_infest,length,prey_parasitation,weight
0.0,0.0,,,
0.0,,442.0,,950.0
201600.0,0.7478439106478402,,,
201600.0,,542.0464261664301,,1909.7340099876114
