time,Liver_oc_infest,length,prey_parasitation,weight
0.0,0.0,,,
0.0,,442.0,,950.0
201600.0,0.8136086216025473,,,
201600.0,,543.5008386399886,,1924.8480299876946
