time,Liver_oc_infest,length,prey_parasitation,weight
0.0,0.0,,,
0.0,,442.0,,950.0
201600.0,0.7446118436588522,,,
201600.0,,541.9215691824218,,1908.4498899877212
