time,length,weight
0.0,442.0,715.0
201600.0,525.544128435057,1487.1236699919539
