time,length,weight
0.0,442.0,715.0
201600.0,525.1868060344356,1484.1891999920026
