time,length,weight
0.0,442.0,715.0
201600.0,526.2731208990136,1498.567649991964
