time,length,weight
0.0,442.0,715.0
201600.0,525.2016001200028,1488.1590699918993
