time,length,weight
0.0,442.0,715.0
201600.0,523.7595758419179,1467.2559199919772
