time,length,weight
0.0,442.0,715.0
201600.0,525.31635793498,1484.1282399918537
