time,length,weight
0.0,442.0,715.0
201600.0,525.6009916137562,1491.0096499917597
