time,length,weight
0.0,442.0,715.0
201600.0,524.7226172469606,1479.6476399918931
