time,length,weight
0.0,442.0,715.0
201600.0,523.9896394355512,1472.3666699919404
