time,length,weight
0.0,442.0,715.0
201600.0,528.2329678392829,1523.8897299915677
