time,length,weight
0.0,442.0,715.0
201600.0,526.1719180992919,1499.486199991995
