time,length,weight
0.0,442.0,715.0
201600.0,524.5472811296968,1473.6463799919545
