time,length,weight
0.0,442.0,715.0
201600.0,527.2378802799349,1511.315329991868
