time,length,weight
0.0,442.0,715.0
201600.0,525.0069188188413,1480.0063599917867
