time,length,weight
0.0,442.0,715.0
201600.0,526.2943289465325,1499.0517399917487
