time,length,weight
0.0,442.0,715.0
201600.0,527.1586055016628,1506.9451599917409
