time,length,weight
0.0,442.0,715.0
201600.0,524.9505205691287,1477.3446499918625
