time,length,weight
0.0,442.0,715.0
201600.0,525.5029939809276,1490.5197499920653
