time,Liver_oc_infest,length,prey_parasitation,weight
0.0,0.0,,,
0.0,,442.0,,950.0
201600.0,0.5774273537432659,,,
201600.0,,521.8733089969122,,1704.1433599900786
