time,Liver_oc_infest,length,prey_parasitation,weight
0.0,0.0,,,
0.0,,442.0,,950.0
201600.0,0.5766442700666803,,,
201600.0,,526.456189647065,,1749.346779990049
