time,Liver_oc_infest,length,prey_parasitation,weight
0.0,0.0,,,
0.0,,442.0,,950.0
201600.0,0.5548130825455484,,,
201600.0,,523.4484136824786,,1720.077659989802
