time,Liver_oc_infest,length,prey_parasitation,weight
0.0,0.0,,,
0.0,,442.0,,950.0
201600.0,0.5571612288003274,,,
201600.0,,524.9564576893641,,1734.6640399900284
