time,Liver_oc_infest,length,prey_parasitation,weight
0.0,0.0,,,
0.0,,442.0,,950.0
201600.0,0.5443952651809776,,,
201600.0,,523.077040041633,,1715.9393199899514
