time,Liver_oc_infest,length,prey_parasitation,weight
0.0,0.0,,,
0.0,,442.0,,950.0
201600.0,0.5313702145996996,,,
201600.0,,523.852643889006,,1723.9540899900096
