time,Liver_oc_infest,length,prey_parasitation,weight
0.0,0.0,,,
0.0,,442.0,,950.0
201600.0,0.5500740063474799,,,
201600.0,,525.318111059901,,1738.5151699899977
