time,Liver_oc_infest,length,prey_parasitation,weight
0.0,0.0,,,
0.0,,442.0,,950.0
201600.0,0.5688653774996687,,,
201600.0,,525.7740231045715,,1742.7122999899505
