time,Liver_oc_infest,length,prey_parasitation,weight
0.0,0.0,,,
0.0,,442.0,,950.0
201600.0,0.5327210017001166,,,
201600.0,,526.5541206218259,,1750.7381299899268
