time,Liver_oc_infest,length,prey_parasitation,weight
0.0,0.0,,,
0.0,,442.0,,950.0
201600.0,0.5239876034761831,,,
201600.0,,525.2018317514325,,1737.14053999
