time,Liver_oc_infest,length,prey_parasitation,weight
0.0,0.0,,,
0.0,,442.0,,950.0
201600.0,0.5145879062996812,,,
201600.0,,523.8964646226594,,1724.2790699899087
