time,Liver_oc_infest,length,prey_parasitation,weight
0.0,0.0,,,
0.0,,442.0,,950.0
201600.0,0.5464447988827638,,,
201600.0,,522.8818399835114,,1714.0787299898448
