time,Liver_oc_infest,length,prey_parasitation,weight
0.0,0.0,,,
0.0,,442.0,,950.0
201600.0,0.5509387819882571,,,
201600.0,,525.1640720685182,,1737.0795399901053
