time,Liver_oc_infest,length,prey_parasitation,weight
0.0,0.0,,,
0.0,,442.0,,950.0
201600.0,0.5555184893863323,,,
201600.0,,528.1914151859165,,1767.0000499900382
