time,Liver_oc_infest,length,prey_parasitation,weight
0.0,0.0,,,
0.0,,442.0,,950.0
201600.0,0.5746613504936152,,,
201600.0,,524.5437290998245,,1730.774809989958
