time,Liver_oc_infest,length,prey_parasitation,weight
0.0,0.0,,,
0.0,,442.0,,950.0
201600.0,0.5048205276339459,,,
201600.0,,523.0448788165918,,1715.7151199900043
