time,Liver_oc_infest,length,prey_parasitation,weight
0.0,0.0,,,
0.0,,442.0,,950.0
201600.0,0.5196531388638093,,,
201600.0,,523.202713738436,,1717.4266799899822
