time,Liver_oc_infest,length,prey_parasitation,weight
0.0,0.0,,,
0.0,,442.0,,950.0
201600.0,0.5339405767898068,,,
201600.0,,527.5958516155429,,1760.831929989968
