time,Liver_oc_infest,length,prey_parasitation,weight
0.0,0.0,,,
0.0,,442.0,,950.0
201600.0,0.539119591195646,,,
201600.0,,526.0126836568948,,1745.2041099899045
