time,Liver_oc_infest,length,prey_parasitation,weight
0.0,0.0,,,
0.0,,442.0,,950.0
201600.0,0.5431149943622388,,,
201600.0,,521.8814484633198,,1704.088249989879
