time,length,weight
0.0,442.0,715.0
201600.0,497.5721058342707,1154.5301799955346
