time,length,weight
0.0,442.0,715.0
201600.0,494.5054200545973,1123.35991999616
