time,length,weight
0.0,442.0,715.0
201600.0,494.1911297078078,1120.8050399959147
