time,length,weight
0.0,442.0,715.0
201600.0,494.1694599905641,1119.543929995917
