time,length,weight
0.0,442.0,715.0
201600.0,494.97668691967556,1129.0568499962865
