time,length,weight
0.0,442.0,715.0
201600.0,495.50932820657056,1131.5845199953958
