time,length,weight
0.0,442.0,715.0
201600.0,495.9893645699596,1138.1599499959987
