time,length,weight
0.0,442.0,715.0
201600.0,497.1617339079577,1151.200079995661
