time,length,weight
0.0,442.0,715.0
201600.0,497.364011462143,1153.4645799954792
