time,length,weight
0.0,442.0,715.0
201600.0,494.0937342617656,1119.8930399959775
