time,length,weight
0.0,442.0,715.0
201600.0,496.5338982971864,1144.73603999559
