time,length,weight
0.0,442.0,715.0
201600.0,497.06517513823934,1151.3885799955128
