time,length,weight
0.0,442.0,715.0
201600.0,497.9975706558332,1159.9621499953848
