time,length,weight
0.0,442.0,715.0
201600.0,494.9235638683785,1127.6130399962194
