time,length,weight
0.0,442.0,715.0
201600.0,494.4711496548141,1122.1752299959614
