time,length,weight
0.0,442.0,715.0
201600.0,495.36680219542046,1132.9865899960087
