time,length,weight
0.0,442.0,715.0
201600.0,493.21278676494313,1111.515429996191
