time,length,weight
0.0,442.0,715.0
201600.0,464.0583970972709,839.5608899996794
