time,length,weight
0.0,442.0,715.0
201600.0,462.9421048381547,829.4683599997695
