time,length,weight
0.0,442.0,715.0
201600.0,462.60911826751305,826.3928799997881
