time,length,weight
0.0,442.0,715.0
201600.0,462.7901501296744,828.2180199997715
