time,length,weight
0.0,442.0,715.0
201600.0,463.1730213495307,830.8923999997497
