time,length,weight
0.0,442.0,715.0
201600.0,464.377154172754,842.5654799996481
