time,length,weight
0.0,442.0,715.0
201600.0,463.7152361600772,834.8786599997237
