time,length,weight
0.0,442.0,715.0
201600.0,463.19387086919835,831.3316899997459
