time,length,weight
0.0,442.0,715.0
201600.0,463.21842623512606,831.7723699997466
