time,length,weight
0.0,442.0,715.0
201600.0,463.05505022897535,830.9237699997491
