time,length,weight
0.0,442.0,715.0
201600.0,463.4454312936408,832.9997499997395
