time,length,weight
0.0,442.0,715.0
201600.0,463.0256213439633,830.822119999752
