time,length,weight
0.0,442.0,715.0
201600.0,464.5848635102662,842.8579399996567
