time,length,weight
0.0,442.0,715.0
201600.0,464.4010500093699,842.1218499996538
