time,length,weight
0.0,442.0,715.0
201600.0,463.3182778253556,833.2703299997315
