time,length,weight
0.0,442.0,715.0
201600.0,462.28492390596205,823.3404699998121
