time,length,weight
0.0,442.0,715.0
201600.0,462.7996312206426,827.845569999772
