time,length,weight
0.0,442.0,715.0
201600.0,464.1100991635036,838.5898099996843
