time,Liver_oc_infest,length,prey_parasitation,weight
0.0,0.0,,,
0.0,,442.0,,864.0
201600.0,0.0,,,
201600.0,,522.6820819708032,,1702.5048799898557
