time,Liver_oc_infest,length,prey_parasitation,weight
0.0,0.0,,,
0.0,,442.0,,950.0
201600.0,0.6704656701274709,,,
201600.0,,531.6682132908153,,1801.9803299889365
