time,Liver_oc_infest,length,prey_parasitation,weight
0.0,0.0,,,
0.0,,442.0,,950.0
201600.0,0.684850372173948,,,
201600.0,,532.5318600217224,,1810.6573999890272
