time,Liver_oc_infest,length,prey_parasitation,weight
0.0,0.0,,,
0.0,,442.0,,950.0
201600.0,0.6177993490948334,,,
201600.0,,533.5565160489341,,1821.188549988985
