time,Liver_oc_infest,length,prey_parasitation,weight
0.0,0.0,,,
0.0,,442.0,,950.0
201600.0,0.6199411101343363,,,
201600.0,,530.2117067290015,,1787.2859999890168
