time,Liver_oc_infest,length,prey_parasitation,weight
0.0,0.0,,,
0.0,,442.0,,950.0
201600.0,0.6195721940107827,,,
201600.0,,532.6019643230632,,1811.3075799890605
