time,Liver_oc_infest,length,prey_parasitation,weight
0.0,0.0,,,
0.0,,442.0,,950.0
201600.0,0.7136823701478534,,,
201600.0,,532.1771872084762,,1807.455749989008
