time,Liver_oc_infest,length,prey_parasitation,weight
0.0,0.0,,,
0.0,,442.0,,950.0
201600.0,0.7131889346627931,,,
201600.0,,531.3639142454911,,1798.911499989185
