time,Liver_oc_infest,length,prey_parasitation,weight
0.0,0.0,,,
0.0,,442.0,,950.0
201600.0,0.6455248778647628,,,
201600.0,,532.0820136299665,,1806.1760999889107
