time,Liver_oc_infest,length,prey_parasitation,weight
0.0,0.0,,,
0.0,,442.0,,950.0
201600.0,0.6739305015915509,,,
201600.0,,532.7470788102066,,1812.7518899890101
