time,Liver_oc_infest,length,prey_parasitation,weight
0.0,0.0,,,
0.0,,442.0,,950.0
201600.0,0.6239373278516955,,,
201600.0,,532.903516550207,,1814.2959699890591
