time,Liver_oc_infest,length,prey_parasitation,weight
0.0,0.0,,,
0.0,,442.0,,950.0
201600.0,0.6174506531082656,,,
201600.0,,532.1275502409692,,1806.4266799891263
