time,Liver_oc_infest,length,prey_parasitation,weight
0.0,0.0,,,
0.0,,442.0,,950.0
201600.0,0.6264452767871002,,,
201600.0,,533.0561620927923,,1816.1955799888524
