time,Liver_oc_infest,length,prey_parasitation,weight
0.0,0.0,,,
0.0,,442.0,,950.0
201600.0,0.6514182749790811,,,
201600.0,,529.9287084321384,,1784.2438699889408
