time,Liver_oc_infest,length,prey_parasitation,weight
0.0,0.0,,,
0.0,,442.0,,950.0
201600.0,0.6205846636595828,,,
201600.0,,532.5510615903307,,1810.9672999890222
