time,Liver_oc_infest,length,prey_parasitation,weight
0.0,0.0,,,
0.0,,442.0,,950.0
201600.0,0.6801479074990718,,,
201600.0,,531.5074269538026,,1800.4497399888494
