time,Liver_oc_infest,length,prey_parasitation,weight
0.0,0.0,,,
0.0,,442.0,,950.0
201600.0,0.6520297802681212,,,
201600.0,,532.144236588596,,1806.8203299888587
