time,Liver_oc_infest,length,prey_parasitation,weight
0.0,0.0,,,
0.0,,442.0,,950.0
201600.0,0.6624295810180205,,,
201600.0,,532.2933118301075,,1808.5027299889966
