time,Liver_oc_infest,length,prey_parasitation,weight
0.0,0.0,,,
0.0,,442.0,,950.0
201600.0,0.634262433050248,,,
201600.0,,534.1637775769524,,1827.5310499890122
