time,Liver_oc_infest,length,prey_parasitation,weight
0.0,0.0,,,
0.0,,442.0,,950.0
201600.0,0.6944601644834872,,,
201600.0,,532.0454679027249,,1805.7076299889054
