time,Liver_oc_infest,length,prey_parasitation,weight
0.0,0.0,,,
0.0,,442.0,,950.0
201600.0,0.6760717730172874,,,
201600.0,,529.9641644117218,,1784.5440999891134
