time,length,weight
0.0,442.0,715.0
201600.0,526.0535584792354,1494.2315799913104
