time,length,weight
0.0,442.0,715.0
201600.0,528.4536678854615,1533.163369991428
