time,length,weight
0.0,442.0,715.0
201600.0,526.5972238934608,1503.0416099916163
