time,length,weight
0.0,442.0,715.0
201600.0,526.7023465700039,1503.8751799916183
