time,length,weight
0.0,442.0,715.0
201600.0,529.2956860016471,1538.2384699912893
