time,length,weight
0.0,442.0,715.0
201600.0,529.1740654152745,1537.704099991174
