time,length,weight
0.0,442.0,715.0
201600.0,527.3707362359404,1510.6686099912934
