time,length,weight
0.0,442.0,715.0
201600.0,530.4813758839948,1552.1638199906868
