time,length,weight
0.0,442.0,715.0
201600.0,529.0652883564728,1536.013229991547
