time,length,weight
0.0,442.0,715.0
201600.0,527.1904987984933,1512.8251799915713
