time,length,weight
0.0,442.0,715.0
201600.0,530.072599300176,1547.1350399913651
