time,length,weight
0.0,442.0,715.0
201600.0,530.5691618447386,1559.163699991366
