time,length,weight
0.0,442.0,715.0
201600.0,527.7931045700194,1518.6097599914522
