time,length,weight
0.0,442.0,715.0
201600.0,528.4427150396673,1526.6170099914289
