time,length,weight
0.0,442.0,715.0
201600.0,527.417023248033,1514.0069999914915
