time,length,weight
0.0,442.0,715.0
201600.0,529.1849309860623,1537.0827899914168
