time,length,weight
0.0,442.0,715.0
201600.0,527.2346663869648,1512.1008499916206
