time,length,weight
0.0,442.0,715.0
201600.0,529.8833075554335,1546.3691099912576
