time,length,weight
0.0,442.0,715.0
201600.0,527.7418246208363,1519.3139099915147
