time,length,weight
0.0,442.0,715.0
201600.0,528.6109698555213,1533.1604099919773
