time,length,weight
0.0,442.0,715.0
201600.0,527.2221430848616,1520.977389992046
