time,length,weight
0.0,442.0,715.0
201600.0,528.7507017997074,1534.8732999919487
