time,length,weight
0.0,442.0,715.0
201600.0,527.8191440607254,1523.2132799920266
