time,length,weight
0.0,442.0,715.0
201600.0,527.9932413098668,1524.5495999920406
