time,length,weight
0.0,442.0,715.0
201600.0,528.2469790341127,1522.2978199920326
