time,length,weight
0.0,442.0,715.0
201600.0,528.1329093752238,1529.4631199920448
