time,length,weight
0.0,442.0,715.0
201600.0,528.9363266725195,1537.2348499919478
