time,length,weight
0.0,442.0,715.0
201600.0,527.9739271165878,1524.3630799920375
