time,length,weight
0.0,442.0,715.0
201600.0,527.6297429435137,1521.0712699920539
