time,length,weight
0.0,442.0,715.0
201600.0,529.0451065209776,1538.933179991962
