time,length,weight
0.0,442.0,715.0
201600.0,527.3482737265756,1518.097489992043
