time,length,weight
0.0,442.0,715.0
201600.0,528.1005283427284,1525.6028599920085
