time,length,weight
0.0,442.0,715.0
201600.0,528.3833739812901,1527.9098399919635
