time,length,weight
0.0,442.0,715.0
201600.0,527.880236223213,1521.9528499919734
