time,length,weight
0.0,442.0,715.0
201600.0,528.3749793894498,1529.472309992018
