time,length,weight
0.0,442.0,715.0
201600.0,528.1090048062405,1527.0054199920482
