time,length,weight
0.0,442.0,715.0
201600.0,528.1352649070695,1525.245629992014
