time,length,weight
0.0,442.0,715.0
201600.0,528.6151945015057,1530.61057999196
