time,length,weight
0.0,442.0,715.0
201600.0,527.417583448919,1516.2801299920395
