time,Liver_oc_infest,length,prey_parasitation,weight
0.0,0.0,,,
0.0,,442.0,,777.0
201600.0,10.194165678754551,,,
201600.0,,525.7140822575008,,1604.0055399909897
