time,Liver_oc_infest,length,prey_parasitation,weight
0.0,0.0,,,
0.0,,442.0,,777.0
201600.0,10.509981214413521,,,
201600.0,,528.1671662712699,,1635.0280899904471
