time,Liver_oc_infest,length,prey_parasitation,weight
0.0,0.0,,,
0.0,,442.0,,777.0
201600.0,9.921094727314063,,,
201600.0,,528.0317454120396,,1636.275279990891
