time,Liver_oc_infest,length,prey_parasitation,weight
0.0,0.0,,,
0.0,,442.0,,777.0
201600.0,9.576713156429078,,,
201600.0,,526.7278023108219,,1619.0919399909221
