time,Liver_oc_infest,length,prey_parasitation,weight
0.0,0.0,,,
0.0,,442.0,,777.0
201600.0,10.340819937797944,,,
201600.0,,527.4613228751082,,1624.7116099910581
