time,Liver_oc_infest,length,prey_parasitation,weight
0.0,0.0,,,
0.0,,442.0,,777.0
201600.0,9.324029327583466,,,
201600.0,,527.051714585214,,1619.1014399911687
