time,Liver_oc_infest,length,prey_parasitation,weight
0.0,0.0,,,
0.0,,442.0,,777.0
201600.0,9.284456879612344,,,
201600.0,,526.9970448670165,,1616.0503799910534
