time,Liver_oc_infest,length,prey_parasitation,weight
0.0,0.0,,,
0.0,,442.0,,777.0
201600.0,9.93714311725854,,,
201600.0,,526.8447283498975,,1616.7652899909483
