time,Liver_oc_infest,length,prey_parasitation,weight
0.0,0.0,,,
0.0,,442.0,,777.0
201600.0,9.556203719203541,,,
201600.0,,526.8798368168896,,1617.7160899911923
