time,Liver_oc_infest,length,prey_parasitation,weight
0.0,0.0,,,
0.0,,442.0,,777.0
201600.0,9.720330539904442,,,
201600.0,,528.4010781730309,,1635.9664399908354
