time,Liver_oc_infest,length,prey_parasitation,weight
0.0,0.0,,,
0.0,,442.0,,777.0
201600.0,9.163898709861288,,,
201600.0,,526.7524285288777,,1616.5602899912064
