time,Liver_oc_infest,length,prey_parasitation,weight
0.0,0.0,,,
0.0,,442.0,,777.0
201600.0,10.315718235553668,,,
201600.0,,526.2196641273963,,1609.4098399910738
