time,Liver_oc_infest,length,prey_parasitation,weight
0.0,0.0,,,
0.0,,442.0,,777.0
201600.0,9.95931571729858,,,
201600.0,,527.4051526646208,,1625.8646899909966
