time,Liver_oc_infest,length,prey_parasitation,weight
0.0,0.0,,,
0.0,,442.0,,777.0
201600.0,9.610930347420187,,,
201600.0,,526.1303101616387,,1606.0575399911506
