time,Liver_oc_infest,length,prey_parasitation,weight
0.0,0.0,,,
0.0,,442.0,,777.0
201600.0,9.57026411240076,,,
201600.0,,524.2238212867132,,1577.1350599912707
