time,Liver_oc_infest,length,prey_parasitation,weight
0.0,0.0,,,
0.0,,442.0,,777.0
201600.0,8.989151419442514,,,
201600.0,,527.5590488956605,,1627.7183399904081
