time,Liver_oc_infest,length,prey_parasitation,weight
0.0,0.0,,,
0.0,,442.0,,777.0
201600.0,9.064809903540567,,,
201600.0,,528.1990183327097,,1632.4392699908556
