time,Liver_oc_infest,length,prey_parasitation,weight
0.0,0.0,,,
0.0,,442.0,,777.0
201600.0,9.29569977568848,,,
201600.0,,526.6356457062469,,1611.5390599908596
