time,Liver_oc_infest,length,prey_parasitation,weight
0.0,0.0,,,
0.0,,442.0,,777.0
201600.0,10.789698545983814,,,
201600.0,,524.7069762242529,,1587.8221199912412
