time,Liver_oc_infest,length,prey_parasitation,weight
0.0,0.0,,,
0.0,,442.0,,777.0
201600.0,10.240720602805519,,,
201600.0,,527.6481938564706,,1625.4201499909407
