time,length,weight
0.0,442.0,715.0
201600.0,471.6418245697963,897.7114699994809
