time,length,weight
0.0,442.0,715.0
201600.0,473.4358297995985,912.2668699993733
