time,length,weight
0.0,442.0,715.0
201600.0,471.71020273287246,897.7515099994889
