time,length,weight
0.0,442.0,715.0
201600.0,471.0424633689053,891.7537899995373
