time,length,weight
0.0,442.0,715.0
201600.0,470.77486668709105,888.7150799995521
