time,length,weight
0.0,442.0,715.0
201600.0,470.57919274938627,886.0032299995815
