time,length,weight
0.0,442.0,715.0
201600.0,471.36600619703034,895.2153199995159
