time,length,weight
0.0,442.0,715.0
201600.0,471.07379085956745,891.6125099995314
