time,length,weight
0.0,442.0,715.0
201600.0,474.3784473296889,922.0582499993005
