time,length,weight
0.0,442.0,715.0
201600.0,471.48322254586236,895.890489999504
