time,length,weight
0.0,442.0,715.0
201600.0,471.5189492995462,896.3607999994941
