time,length,weight
0.0,442.0,715.0
201600.0,473.16993907722303,911.468399999394
