time,length,weight
0.0,442.0,715.0
201600.0,475.0830939532331,927.1378099992623
