time,length,weight
0.0,442.0,715.0
201600.0,470.4142038776664,884.4049899995898
