time,length,weight
0.0,442.0,715.0
201600.0,470.330717624081,886.0749599995778
