time,length,weight
0.0,442.0,715.0
201600.0,469.71984188614834,881.2864899996098
