time,length,weight
0.0,442.0,715.0
201600.0,471.84333073781704,897.5843599994885
