time,length,weight
0.0,442.0,715.0
201600.0,473.58329645414585,914.796719999358
