time,length,weight
0.0,442.0,715.0
201600.0,471.6025069432639,894.9875499995095
