time,Liver_oc_infest,length,prey_parasitation,weight
0.0,0.0,,,
0.0,,442.0,,715.0
201600.0,19.999999832648836,,,
201600.0,,515.7045787410055,,1378.556249992649
