time,Liver_oc_infest,length,prey_parasitation,weight
0.0,0.0,,,
0.0,,442.0,,715.0
201600.0,19.999999695088874,,,
201600.0,,513.4368785523388,,1347.7349999932155
