time,Liver_oc_infest,length,prey_parasitation,weight
0.0,0.0,,,
0.0,,442.0,,715.0
201600.0,19.999999695088874,,,
201600.0,,515.6543106800743,,1371.6934599927345
