time,Liver_oc_infest,length,prey_parasitation,weight
0.0,0.0,,,
0.0,,442.0,,715.0
201600.0,19.999999724101645,,,
201600.0,,516.3431114822758,,1383.1846199926151
