time,Liver_oc_infest,length,prey_parasitation,weight
0.0,0.0,,,
0.0,,442.0,,715.0
201600.0,19.999999898489932,,,
201600.0,,514.8740203973957,,1361.711749993108
