time,Liver_oc_infest,length,prey_parasitation,weight
0.0,0.0,,,
0.0,,442.0,,715.0
201600.0,19.999999695088874,,,
201600.0,,516.4227983541924,,1385.2073699926075
