time,Liver_oc_infest,length,prey_parasitation,weight
0.0,0.0,,,
0.0,,442.0,,715.0
201600.0,19.999999774107987,,,
201600.0,,515.0748611585291,,1366.264469993109
