time,Liver_oc_infest,length,prey_parasitation,weight
0.0,0.0,,,
0.0,,442.0,,715.0
201600.0,19.999999832648836,,,
201600.0,,514.5692798702919,,1364.8882399930671
