time,Liver_oc_infest,length,prey_parasitation,weight
0.0,0.0,,,
0.0,,442.0,,715.0
201600.0,19.999999695088874,,,
201600.0,,514.9863855769239,,1367.9794499926413
