time,Liver_oc_infest,length,prey_parasitation,weight
0.0,0.0,,,
0.0,,442.0,,715.0
201600.0,19.999999497316633,,,
201600.0,,514.8948226589893,,1366.0851399930662
