time,Liver_oc_infest,length,prey_parasitation,weight
0.0,0.0,,,
0.0,,442.0,,715.0
201600.0,19.999999832648836,,,
201600.0,,515.4928173316958,,1373.1152299925986
