time,Liver_oc_infest,length,prey_parasitation,weight
0.0,0.0,,,
0.0,,442.0,,715.0
201600.0,19.999999545147894,,,
201600.0,,514.6634290820465,,1360.2721799930994
