time,Liver_oc_infest,length,prey_parasitation,weight
0.0,0.0,,,
0.0,,442.0,,715.0
201600.0,19.999999250119558,,,
201600.0,,515.88400344489,,1375.6049499926373
