time,Liver_oc_infest,length,prey_parasitation,weight
0.0,0.0,,,
0.0,,442.0,,715.0
201600.0,19.999999497316633,,,
201600.0,,512.2474443027713,,1335.7553599933499
