time,Liver_oc_infest,length,prey_parasitation,weight
0.0,0.0,,,
0.0,,442.0,,715.0
201600.0,19.999999795601926,,,
201600.0,,514.9210305928326,,1365.560229992713
