time,Liver_oc_infest,length,prey_parasitation,weight
0.0,0.0,,,
0.0,,442.0,,715.0
201600.0,19.999999774107987,,,
201600.0,,514.8661174884704,,1365.0228399930695
