time,Liver_oc_infest,length,prey_parasitation,weight
0.0,0.0,,,
0.0,,442.0,,605.0
201600.0,0.0,,,
201600.0,,515.6229148274717,,1336.9788899932287
