time,Liver_oc_infest,length,prey_parasitation,weight
0.0,0.0,,,
0.0,,442.0,,605.0
201600.0,0.0,,,
201600.0,,515.690556675714,,1336.3266799932042
