time,Liver_oc_infest,length,prey_parasitation,weight
0.0,0.0,,,
0.0,,442.0,,691.0
201600.0,18.526491461997328,,,
201600.0,,529.2921202795927,,1503.6798099919536
