time,Liver_oc_infest,length,prey_parasitation,weight
0.0,0.0,,,
0.0,,442.0,,691.0
201600.0,18.634871751761413,,,
201600.0,,528.4311285151667,,1491.5534299921937
