time,Liver_oc_infest,length,prey_parasitation,weight
0.0,0.0,,,
0.0,,442.0,,691.0
201600.0,18.356057312960015,,,
201600.0,,528.0277554688703,,1485.2679699920875
