time,Liver_oc_infest,length,prey_parasitation,weight
0.0,0.0,,,
0.0,,442.0,,691.0
201600.0,18.61816386319207,,,
201600.0,,527.2652189370052,,1474.4629299921937
