time,Liver_oc_infest,length,prey_parasitation,weight
0.0,0.0,,,
0.0,,442.0,,691.0
201600.0,18.52161012721578,,,
201600.0,,530.5170774733558,,1518.229939991878
