time,Liver_oc_infest,length,prey_parasitation,weight
0.0,0.0,,,
0.0,,442.0,,691.0
201600.0,18.22178445220075,,,
201600.0,,529.1506308674958,,1500.4897199918012
