time,Liver_oc_infest,length,prey_parasitation,weight
0.0,0.0,,,
0.0,,442.0,,691.0
201600.0,18.534786354272377,,,
201600.0,,530.1699485326349,,1511.6025299918874
