time,Liver_oc_infest,length,prey_parasitation,weight
0.0,0.0,,,
0.0,,442.0,,691.0
201600.0,18.800197002780518,,,
201600.0,,526.7062234046452,,1469.8061599926382
