time,Liver_oc_infest,length,prey_parasitation,weight
0.0,0.0,,,
0.0,,442.0,,691.0
201600.0,18.709504654910493,,,
201600.0,,529.5824934902455,,1503.6881799919731
