time,Liver_oc_infest,length,prey_parasitation,weight
0.0,0.0,,,
0.0,,442.0,,691.0
201600.0,18.56615763048411,,,
201600.0,,531.2111109803991,,1525.8641799919733
