time,Liver_oc_infest,length,prey_parasitation,weight
0.0,0.0,,,
0.0,,442.0,,691.0
201600.0,18.701015635509027,,,
201600.0,,527.8875268210435,,1479.196099992088
