time,Liver_oc_infest,length,prey_parasitation,weight
0.0,0.0,,,
0.0,,442.0,,691.0
201600.0,18.656188664721615,,,
201600.0,,527.8503372508127,,1484.1084799921834
