time,Liver_oc_infest,length,prey_parasitation,weight
0.0,0.0,,,
0.0,,442.0,,691.0
201600.0,18.371379078575426,,,
201600.0,,528.2485217907258,,1489.03110999211
