time,Liver_oc_infest,length,prey_parasitation,weight
0.0,0.0,,,
0.0,,442.0,,691.0
201600.0,18.675308688753102,,,
201600.0,,530.9619052978289,,1520.6922699918186
