time,Liver_oc_infest,length,prey_parasitation,weight
0.0,0.0,,,
0.0,,442.0,,691.0
201600.0,19.092979169318898,,,
201600.0,,529.4343195575776,,1500.9619399919625
