time,Liver_oc_infest,length,prey_parasitation,weight
0.0,0.0,,,
0.0,,442.0,,691.0
201600.0,18.355924909683385,,,
201600.0,,528.9335280094767,,1497.1322799921466
