time,Liver_oc_infest,length,prey_parasitation,weight
0.0,0.0,,,
0.0,,442.0,,691.0
201600.0,18.55656829444751,,,
201600.0,,529.4236179347776,,1503.7620499919626
