time,Liver_oc_infest,length,prey_parasitation,weight
0.0,0.0,,,
0.0,,442.0,,691.0
201600.0,18.705157323572934,,,
201600.0,,528.6445810290066,,1494.8399599921527
