time,Liver_oc_infest,length,prey_parasitation,weight
0.0,0.0,,,
0.0,,442.0,,691.0
201600.0,18.760769311588597,,,
201600.0,,529.6708953388599,,1507.6220499917802
