time,Liver_oc_infest,length,prey_parasitation,weight
0.0,0.0,,,
0.0,,442.0,,691.0
201600.0,18.71578967217517,,,
201600.0,,530.9108943113854,,1518.5137499918906
