time,Liver_oc_infest,length,prey_parasitation,weight
0.0,0.0,,,
0.0,,442.0,,691.0
201600.0,16.764235874343207,,,
201600.0,,511.4380431895282,,1274.7725799947432
