time,Liver_oc_infest,length,prey_parasitation,weight
0.0,0.0,,,
0.0,,442.0,,691.0
201600.0,17.721843987368267,,,
201600.0,,512.1702940304682,,1282.2003899946526
