time,Liver_oc_infest,length,prey_parasitation,weight
0.0,0.0,,,
0.0,,442.0,,691.0
201600.0,16.943934916690683,,,
201600.0,,513.0008592558939,,1290.4328299946362
