time,Liver_oc_infest,length,prey_parasitation,weight
0.0,0.0,,,
0.0,,442.0,,691.0
201600.0,17.4338893446307,,,
201600.0,,512.1533912854441,,1283.0464799945635
