time,Liver_oc_infest,length,prey_parasitation,weight
0.0,0.0,,,
0.0,,442.0,,691.0
201600.0,16.47556948440358,,,
201600.0,,510.27823279676335,,1259.6938799948193
