time,Liver_oc_infest,length,prey_parasitation,weight
0.0,0.0,,,
0.0,,442.0,,691.0
201600.0,15.948626370117548,,,
201600.0,,513.2688516283134,,1294.5895099946463
