time,Liver_oc_infest,length,prey_parasitation,weight
0.0,0.0,,,
0.0,,442.0,,691.0
201600.0,16.836083288283554,,,
201600.0,,513.8727625883807,,1303.180799994235
