time,Liver_oc_infest,length,prey_parasitation,weight
0.0,0.0,,,
0.0,,442.0,,691.0
201600.0,16.953700059255084,,,
201600.0,,513.1639636237661,,1293.7416599942574
