time,Liver_oc_infest,length,prey_parasitation,weight
0.0,0.0,,,
0.0,,442.0,,691.0
201600.0,17.25852260832368,,,
201600.0,,512.4470973289252,,1285.0978399946375
