time,Liver_oc_infest,length,prey_parasitation,weight
0.0,0.0,,,
0.0,,442.0,,691.0
201600.0,17.386661166111654,,,
201600.0,,515.4988703956064,,1316.8876699941686
