time,Liver_oc_infest,length,prey_parasitation,weight
0.0,0.0,,,
0.0,,442.0,,691.0
201600.0,17.10232908355371,,,
201600.0,,512.6158498952816,,1285.2772899946663
