time,Liver_oc_infest,length,prey_parasitation,weight
0.0,0.0,,,
0.0,,442.0,,691.0
201600.0,17.14123631977787,,,
201600.0,,512.4625804917664,,1281.9484499946789
