time,Liver_oc_infest,length,prey_parasitation,weight
0.0,0.0,,,
0.0,,442.0,,691.0
201600.0,17.458006053461695,,,
201600.0,,511.6759696749883,,1274.9128799946052
