time,Liver_oc_infest,length,prey_parasitation,weight
0.0,0.0,,,
0.0,,442.0,,691.0
201600.0,17.690271455992104,,,
201600.0,,512.1205327402943,,1280.2711799946785
