time,Liver_oc_infest,length,prey_parasitation,weight
0.0,0.0,,,
0.0,,442.0,,691.0
201600.0,16.654441329906625,,,
201600.0,,515.1804460873628,,1315.8094899941136
