time,Liver_oc_infest,length,prey_parasitation,weight
0.0,0.0,,,
0.0,,442.0,,691.0
201600.0,17.695067556366986,,,
201600.0,,511.6187274663831,,1273.5451399947758
