time,Liver_oc_infest,length,prey_parasitation,weight
0.0,0.0,,,
0.0,,442.0,,691.0
201600.0,17.05754264413525,,,
201600.0,,511.71878184479414,,1276.4314599947097
