time,Liver_oc_infest,length,prey_parasitation,weight
0.0,0.0,,,
0.0,,442.0,,691.0
201600.0,17.071519353051453,,,
201600.0,,510.0112187109719,,1261.6679399948641
