time,Liver_oc_infest,length,prey_parasitation,weight
0.0,0.0,,,
0.0,,442.0,,691.0
201600.0,17.387837334036444,,,
201600.0,,513.7623926538346,,1298.1684999942458
