time,Liver_oc_infest,length,prey_parasitation,weight
0.0,0.0,,,
0.0,,442.0,,691.0
201600.0,17.152622041939942,,,
201600.0,,513.05866327229,,1289.83745999468
