time,Liver_oc_infest,length,prey_parasitation,weight
0.0,0.0,,,
0.0,,442.0,,691.0
201600.0,14.718063550758231,,,
201600.0,,501.96983588041417,,1164.9701399959902
