time,Liver_oc_infest,length,prey_parasitation,weight
0.0,0.0,,,
0.0,,442.0,,691.0
201600.0,15.375596361042978,,,
201600.0,,501.45836644862254,,1159.9760499959905
