time,Liver_oc_infest,length,prey_parasitation,weight
0.0,0.0,,,
0.0,,442.0,,691.0
201600.0,15.39654438092813,,,
201600.0,,501.78064522830203,,1164.232069995941
