time,Liver_oc_infest,length,prey_parasitation,weight
0.0,0.0,,,
0.0,,442.0,,691.0
201600.0,16.13243154833626,,,
201600.0,,501.29942349248284,,1157.99876999602
