time,Liver_oc_infest,length,prey_parasitation,weight
0.0,0.0,,,
0.0,,442.0,,691.0
201600.0,15.081650371079009,,,
201600.0,,502.2436830297791,,1166.1125599958439
