time,Liver_oc_infest,length,prey_parasitation,weight
0.0,0.0,,,
0.0,,442.0,,691.0
201600.0,14.767696874445145,,,
201600.0,,503.5317872187423,,1183.1293799958241
