time,Liver_oc_infest,length,prey_parasitation,weight
0.0,0.0,,,
0.0,,442.0,,691.0
201600.0,15.274742928665285,,,
201600.0,,503.2830198471368,,1178.1280099958167
