time,Liver_oc_infest,length,prey_parasitation,weight
0.0,0.0,,,
0.0,,442.0,,691.0
201600.0,14.442622103966638,,,
201600.0,,500.504932363976,,1150.7505099963282
