time,Liver_oc_infest,length,prey_parasitation,weight
0.0,0.0,,,
0.0,,442.0,,691.0
201600.0,14.461664263565037,,,
201600.0,,501.265927130207,,1156.1335499960776
