time,Liver_oc_infest,length,prey_parasitation,weight
0.0,0.0,,,
0.0,,442.0,,691.0
201600.0,15.602155787688186,,,
201600.0,,499.9683337806567,,1147.5061899960926
