time,Liver_oc_infest,length,prey_parasitation,weight
0.0,0.0,,,
0.0,,442.0,,691.0
201600.0,15.335696770521297,,,
201600.0,,502.79658635870845,,1172.4299999958628
