time,Liver_oc_infest,length,prey_parasitation,weight
0.0,0.0,,,
0.0,,442.0,,691.0
201600.0,15.367623141158365,,,
201600.0,,503.6633663719338,,1181.729959995817
