time,Liver_oc_infest,length,prey_parasitation,weight
0.0,0.0,,,
0.0,,442.0,,691.0
201600.0,13.911435931781108,,,
201600.0,,502.87882669901825,,1173.8321199958982
