time,Liver_oc_infest,length,prey_parasitation,weight
0.0,0.0,,,
0.0,,442.0,,691.0
201600.0,13.88898156491715,,,
201600.0,,503.4880627729346,,1179.5602299957845
