time,Liver_oc_infest,length,prey_parasitation,weight
0.0,0.0,,,
0.0,,442.0,,691.0
201600.0,14.039735438556697,,,
201600.0,,500.99905779283046,,1155.8040999960047
