time,Liver_oc_infest,length,prey_parasitation,weight
0.0,0.0,,,
0.0,,442.0,,691.0
201600.0,15.500984450235984,,,
201600.0,,505.114344695215,,1195.5058699957585
