time,Liver_oc_infest,length,prey_parasitation,weight
0.0,0.0,,,
0.0,,442.0,,691.0
201600.0,15.691541371926249,,,
201600.0,,502.13669712597,,1168.8512499958626
