time,Liver_oc_infest,length,prey_parasitation,weight
0.0,0.0,,,
0.0,,442.0,,691.0
201600.0,15.75452339230242,,,
201600.0,,503.34124003898125,,1180.0724899958332
