time,Liver_oc_infest,length,prey_parasitation,weight
0.0,0.0,,,
0.0,,442.0,,691.0
201600.0,14.979991843057158,,,
201600.0,,499.1272201151179,,1136.9873999963636
