time,Liver_oc_infest,length,prey_parasitation,weight
0.0,0.0,,,
0.0,,442.0,,691.0
201600.0,14.889986319663619,,,
201600.0,,500.28846048925334,,1149.1955599961943
