time,Liver_oc_infest,length,prey_parasitation,weight
0.0,0.0,,,
0.0,,442.0,,605.0
201600.0,19.155763707050188,,,
201600.0,,511.1471785907568,,1290.0684699936858
