time,Liver_oc_infest,length,prey_parasitation,weight
0.0,0.0,,,
0.0,,442.0,,605.0
201600.0,19.25667852293826,,,
201600.0,,512.1925086736883,,1299.184309993608
