time,Liver_oc_infest,length,prey_parasitation,weight
0.0,0.0,,,
0.0,,442.0,,605.0
201600.0,19.192575262542967,,,
201600.0,,510.87504054169096,,1287.3034599937323
