time,Liver_oc_infest,length,prey_parasitation,weight
0.0,0.0,,,
0.0,,442.0,,605.0
201600.0,19.104175127037344,,,
201600.0,,514.6386193826561,,1328.2291699934922
