time,Liver_oc_infest,length,prey_parasitation,weight
0.0,0.0,,,
0.0,,442.0,,605.0
201600.0,19.089526716945105,,,
201600.0,,511.33829179379586,,1290.2318299937324
