time,Liver_oc_infest,length,prey_parasitation,weight
0.0,0.0,,,
0.0,,442.0,,605.0
201600.0,19.512680015221253,,,
201600.0,,513.7851721335198,,1316.2599599934229
