time,Liver_oc_infest,length,prey_parasitation,weight
0.0,0.0,,,
0.0,,442.0,,605.0
201600.0,19.147878434275494,,,
201600.0,,511.6712032385491,,1292.9096799936908
