time,Liver_oc_infest,length,prey_parasitation,weight
0.0,0.0,,,
0.0,,442.0,,605.0
201600.0,19.424432558346684,,,
201600.0,,514.5229586661704,,1329.0640699933344
