time,Liver_oc_infest,length,prey_parasitation,weight
0.0,0.0,,,
0.0,,442.0,,605.0
201600.0,19.187679894432947,,,
201600.0,,514.2688465855348,,1324.5773499934432
