time,Liver_oc_infest,length,prey_parasitation,weight
0.0,0.0,,,
0.0,,442.0,,605.0
201600.0,19.08166339646264,,,
201600.0,,513.7479452481992,,1318.7478199935076
