time,Liver_oc_infest,length,prey_parasitation,weight
0.0,0.0,,,
0.0,,442.0,,605.0
201600.0,19.309358356126484,,,
201600.0,,510.2043253085971,,1276.9006799937686
