time,Liver_oc_infest,length,prey_parasitation,weight
0.0,0.0,,,
0.0,,442.0,,605.0
201600.0,19.295406634912997,,,
201600.0,,513.6987894950796,,1318.0832399934848
