time,Liver_oc_infest,length,prey_parasitation,weight
0.0,0.0,,,
0.0,,442.0,,605.0
201600.0,19.23547821170611,,,
201600.0,,513.7651379686022,,1317.8627099934945
