time,Liver_oc_infest,length,prey_parasitation,weight
0.0,0.0,,,
0.0,,442.0,,605.0
201600.0,19.041465984567242,,,
201600.0,,510.268471818674,,1277.5510299941611
