time,Liver_oc_infest,length,prey_parasitation,weight
0.0,0.0,,,
0.0,,442.0,,605.0
201600.0,19.319490457633545,,,
201600.0,,513.3534711104629,,1313.3756999934442
