time,Liver_oc_infest,length,prey_parasitation,weight
0.0,0.0,,,
0.0,,442.0,,605.0
201600.0,19.285250432073678,,,
201600.0,,511.951073898135,,1296.146779993664
