time,Liver_oc_infest,length,prey_parasitation,weight
0.0,0.0,,,
0.0,,442.0,,605.0
201600.0,19.400073343251197,,,
201600.0,,512.1548083642232,,1299.5013699936187
