time,Liver_oc_infest,length,prey_parasitation,weight
0.0,0.0,,,
0.0,,442.0,,605.0
201600.0,19.26525568828509,,,
201600.0,,512.1493508225915,,1297.0291799936253
