time,Liver_oc_infest,length,prey_parasitation,weight
0.0,0.0,,,
0.0,,442.0,,605.0
201600.0,19.41277705531874,,,
201600.0,,512.0629394530488,,1298.8709399936154
