time,Liver_oc_infest,length,prey_parasitation,weight
0.0,0.0,,,
0.0,,442.0,,605.0
201600.0,19.22751171753897,,,
201600.0,,515.3344166730255,,1332.9903999933963
