time,Liver_oc_infest,length,prey_parasitation,weight
0.0,0.0,,,
0.0,,442.0,,864.0
201600.0,1.5702724793236693,,,
201600.0,,508.2179074225337,,1503.051719992156
