time,Liver_oc_infest,length,prey_parasitation,weight
0.0,0.0,,,
0.0,,442.0,,864.0
201600.0,1.5889671125203217,,,
201600.0,,511.3340492670101,,1541.536809992157
