time,Liver_oc_infest,length,prey_parasitation,weight
0.0,0.0,,,
0.0,,442.0,,864.0
201600.0,1.7800017582446481,,,
201600.0,,511.26503476742084,,1538.6573999920552
