time,Liver_oc_infest,length,prey_parasitation,weight
0.0,0.0,,,
0.0,,442.0,,864.0
201600.0,1.7565786426316587,,,
201600.0,,509.39268192516005,,1517.5773299922369
