time,Liver_oc_infest,length,prey_parasitation,weight
0.0,0.0,,,
0.0,,442.0,,864.0
201600.0,1.663754255808452,,,
201600.0,,508.8947886696069,,1511.8612999922857
