time,Liver_oc_infest,length,prey_parasitation,weight
0.0,0.0,,,
0.0,,442.0,,864.0
201600.0,1.6766109228235235,,,
201600.0,,509.26062212545673,,1516.2166499922644
