time,Liver_oc_infest,length,prey_parasitation,weight
0.0,0.0,,,
0.0,,442.0,,864.0
201600.0,1.5570453385023835,,,
201600.0,,510.54188331321166,,1532.0483599920672
