time,Liver_oc_infest,length,prey_parasitation,weight
0.0,0.0,,,
0.0,,442.0,,864.0
201600.0,1.9440075794395237,,,
201600.0,,508.75613135877205,,1507.0836399923257
