time,Liver_oc_infest,length,prey_parasitation,weight
0.0,0.0,,,
0.0,,442.0,,864.0
201600.0,1.814622182901127,,,
201600.0,,508.0381608063303,,1500.9035599924591
