time,Liver_oc_infest,length,prey_parasitation,weight
0.0,0.0,,,
0.0,,442.0,,864.0
201600.0,1.7781463674103974,,,
201600.0,,509.12040498873534,,1514.9826899921948
