time,Liver_oc_infest,length,prey_parasitation,weight
0.0,0.0,,,
0.0,,442.0,,864.0
201600.0,1.5261128550043108,,,
201600.0,,508.72942379716,,1506.2803499922152
