time,Liver_oc_infest,length,prey_parasitation,weight
0.0,0.0,,,
0.0,,442.0,,864.0
201600.0,1.5739013926956862,,,
201600.0,,509.8994061651659,,1522.7187199925365
