time,Liver_oc_infest,length,prey_parasitation,weight
0.0,0.0,,,
0.0,,442.0,,864.0
201600.0,1.703800984091086,,,
201600.0,,506.4113437823546,,1481.2469999924788
