time,Liver_oc_infest,length,prey_parasitation,weight
0.0,0.0,,,
0.0,,442.0,,864.0
201600.0,1.7053717764250353,,,
201600.0,,507.5541276336387,,1493.2988699924215
