time,Liver_oc_infest,length,prey_parasitation,weight
0.0,0.0,,,
0.0,,442.0,,864.0
201600.0,1.8685479966626004,,,
201600.0,,511.29723718912356,,1541.7193999922863
