time,Liver_oc_infest,length,prey_parasitation,weight
0.0,0.0,,,
0.0,,442.0,,864.0
201600.0,1.8607957047243093,,,
201600.0,,508.9984469314618,,1512.2361199922777
