time,Liver_oc_infest,length,prey_parasitation,weight
0.0,0.0,,,
0.0,,442.0,,864.0
201600.0,1.7220655449296296,,,
201600.0,,509.0320682205832,,1512.2774199922646
