time,Liver_oc_infest,length,prey_parasitation,weight
0.0,0.0,,,
0.0,,442.0,,864.0
201600.0,1.620333926127649,,,
201600.0,,509.4808941734246,,1516.206219992202
