time,Liver_oc_infest,length,prey_parasitation,weight
0.0,0.0,,,
0.0,,442.0,,864.0
201600.0,1.6280682516327278,,,
201600.0,,509.98595676228996,,1526.1841999923765
