time,Liver_oc_infest,length,prey_parasitation,weight
0.0,0.0,,,
0.0,,442.0,,864.0
201600.0,1.6419091468495766,,,
201600.0,,509.21312546890175,,1515.6590099921827
