time,Liver_oc_infest,length,prey_parasitation,weight
0.0,0.0,,,
0.0,,442.0,,605.0
201600.0,19.3271981548498,,,
201600.0,,516.9821437773899,,1356.6709599931712
