time,Liver_oc_infest,length,prey_parasitation,weight
0.0,0.0,,,
0.0,,442.0,,605.0
201600.0,19.467131763331892,,,
201600.0,,515.1026762622239,,1334.1843399931902
