time,Liver_oc_infest,length,prey_parasitation,weight
0.0,0.0,,,
0.0,,442.0,,605.0
201600.0,19.330422670157514,,,
201600.0,,515.8209501817155,,1342.3681399931913
