time,Liver_oc_infest,length,prey_parasitation,weight
0.0,0.0,,,
0.0,,442.0,,605.0
201600.0,19.373019236978315,,,
201600.0,,515.8826279140177,,1345.232519993138
