time,Liver_oc_infest,length,prey_parasitation,weight
0.0,0.0,,,
0.0,,442.0,,605.0
201600.0,19.21391090149215,,,
201600.0,,517.7169671929391,,1364.61785999311
