time,Liver_oc_infest,length,prey_parasitation,weight
0.0,0.0,,,
0.0,,442.0,,605.0
201600.0,19.354763793819906,,,
201600.0,,516.3350722724044,,1348.4405799932615
