time,Liver_oc_infest,length,prey_parasitation,weight
0.0,0.0,,,
0.0,,442.0,,605.0
201600.0,19.50534993757593,,,
201600.0,,515.7383032761837,,1343.7081699932023
