time,Liver_oc_infest,length,prey_parasitation,weight
0.0,0.0,,,
0.0,,442.0,,605.0
201600.0,19.157266004843333,,,
201600.0,,518.6072895053387,,1374.6794899926786
