time,Liver_oc_infest,length,prey_parasitation,weight
0.0,0.0,,,
0.0,,442.0,,605.0
201600.0,19.178921612087866,,,
201600.0,,513.7872228104628,,1316.3008399934988
