time,Liver_oc_infest,length,prey_parasitation,weight
0.0,0.0,,,
0.0,,442.0,,605.0
201600.0,19.347010136922318,,,
201600.0,,513.0712263904436,,1311.2773399934977
