time,Liver_oc_infest,length,prey_parasitation,weight
0.0,0.0,,,
0.0,,442.0,,605.0
201600.0,19.31050154958919,,,
201600.0,,515.0289649899281,,1332.7640499933127
