time,Liver_oc_infest,length,prey_parasitation,weight
0.0,0.0,,,
0.0,,442.0,,605.0
201600.0,19.390435326337155,,,
201600.0,,516.2551950706882,,1346.6316799932374
