time,Liver_oc_infest,length,prey_parasitation,weight
0.0,0.0,,,
0.0,,442.0,,605.0
201600.0,19.4669592346859,,,
201600.0,,511.7680334750763,,1294.8489699935662
