time,Liver_oc_infest,length,prey_parasitation,weight
0.0,0.0,,,
0.0,,442.0,,605.0
201600.0,19.376054957865158,,,
201600.0,,513.7755044759632,,1324.2862099934111
