time,Liver_oc_infest,length,prey_parasitation,weight
0.0,0.0,,,
0.0,,442.0,,605.0
201600.0,19.462804533538176,,,
201600.0,,516.6833663733894,,1353.368729993091
