time,Liver_oc_infest,length,prey_parasitation,weight
0.0,0.0,,,
0.0,,442.0,,605.0
201600.0,19.422460395826338,,,
201600.0,,512.6680609314294,,1304.9419199935755
