time,Liver_oc_infest,length,prey_parasitation,weight
0.0,0.0,,,
0.0,,442.0,,605.0
201600.0,19.287607886875254,,,
201600.0,,517.303669820105,,1360.0485399931906
