time,Liver_oc_infest,length,prey_parasitation,weight
0.0,0.0,,,
0.0,,442.0,,605.0
201600.0,19.254937621811532,,,
201600.0,,516.6849831617955,,1354.8459299931526
