time,Liver_oc_infest,length,prey_parasitation,weight
0.0,0.0,,,
0.0,,442.0,,605.0
201600.0,19.34757146717213,,,
201600.0,,517.1716480252596,,1361.1230499930919
