time,Liver_oc_infest,length,prey_parasitation,weight
0.0,0.0,,,
0.0,,442.0,,605.0
201600.0,19.38662460227043,,,
201600.0,,513.8620954105734,,1322.7428699934303
