time,length,weight
0.0,442.0,715.0
201600.0,474.9907881832679,934.9988299988805
