time,length,weight
0.0,442.0,715.0
201600.0,475.79850363755634,944.0565999988053
