time,length,weight
0.0,442.0,715.0
201600.0,474.08769534058064,927.9514199989403
