time,length,weight
0.0,442.0,715.0
201600.0,476.53137608325136,950.199339998758
