time,length,weight
0.0,442.0,715.0
201600.0,475.6103444844011,941.7398899988275
