time,length,weight
0.0,442.0,715.0
201600.0,476.3083280652294,946.8485199987946
