time,length,weight
0.0,442.0,715.0
201600.0,476.21381907419567,946.090349998789
