time,length,weight
0.0,442.0,715.0
201600.0,475.49155983005414,938.9672299988522
