time,length,weight
0.0,442.0,715.0
201600.0,475.21707716373925,936.9490499988594
