time,length,weight
0.0,442.0,715.0
201600.0,476.16372054992485,945.8022699988071
