time,length,weight
0.0,442.0,715.0
201600.0,474.53768308575945,932.0851699989037
