time,length,weight
0.0,442.0,715.0
201600.0,476.3558511931126,949.8055599987483
