time,length,weight
0.0,442.0,715.0
201600.0,475.65920766748513,942.0578999988271
