time,length,weight
0.0,442.0,715.0
201600.0,478.2374240708409,963.5011699986447
