time,length,weight
0.0,442.0,715.0
201600.0,475.1661272307989,937.7241299988591
