time,length,weight
0.0,442.0,715.0
201600.0,475.18365542798074,936.8252999988648
