time,length,weight
0.0,442.0,715.0
201600.0,475.4014946936376,940.4265599988283
