time,length,weight
0.0,442.0,715.0
201600.0,475.12478344564784,937.19957999887
