time,length,weight
0.0,442.0,715.0
201600.0,474.99275374524734,935.9166099988729
