time,length,weight
0.0,442.0,715.0
201600.0,474.9812369115211,934.3935999988871
