time,length,weight
0.0,442.0,715.0
201600.0,501.46434547408853,1194.9253199959276
