time,length,weight
0.0,442.0,715.0
201600.0,497.6817186895034,1154.8957699960583
