time,length,weight
0.0,442.0,715.0
201600.0,499.9534654005246,1178.871559995921
