time,length,weight
0.0,442.0,715.0
201600.0,499.7062755025403,1175.0302899958947
