time,length,weight
0.0,442.0,715.0
201600.0,500.7218426344578,1183.263059995855
