time,length,weight
0.0,442.0,715.0
201600.0,498.72241925458883,1167.7873799960225
