time,length,weight
0.0,442.0,715.0
201600.0,499.6874176171408,1175.2777799959592
