time,length,weight
0.0,442.0,715.0
201600.0,500.49469414131937,1185.9039499959433
