time,length,weight
0.0,442.0,715.0
201600.0,501.0785292344952,1190.6092499957088
