time,length,weight
0.0,442.0,715.0
201600.0,498.8701161861798,1166.318099995938
