time,length,weight
0.0,442.0,715.0
201600.0,501.256500635364,1191.5197899957818
