time,length,weight
0.0,442.0,715.0
201600.0,501.10119910878143,1192.0480999958188
