time,length,weight
0.0,442.0,715.0
201600.0,497.93934802196657,1158.558339996123
