time,length,weight
0.0,442.0,715.0
201600.0,500.9695180080419,1189.1435899959172
