time,length,weight
0.0,442.0,715.0
201600.0,499.4314244946918,1172.3834899959322
