time,length,weight
0.0,442.0,715.0
201600.0,499.18011513061447,1173.5340199960674
