time,length,weight
0.0,442.0,715.0
201600.0,499.9908721975698,1180.789799995963
