time,length,weight
0.0,442.0,715.0
201600.0,501.6358386862488,1196.5282699954787
