time,length,weight
0.0,442.0,715.0
201600.0,501.116423455066,1191.0356199955743
