time,length,weight
0.0,442.0,715.0
201600.0,518.8268118259676,1405.8242999932982
