time,length,weight
0.0,442.0,715.0
201600.0,519.0739710907006,1406.4557199933495
