time,length,weight
0.0,442.0,715.0
201600.0,519.3030449471063,1412.0120499932937
