time,length,weight
0.0,442.0,715.0
201600.0,519.5272019059897,1414.596629993237
