time,length,weight
0.0,442.0,715.0
201600.0,518.5796605275079,1404.3336399933362
