time,length,weight
0.0,442.0,715.0
201600.0,518.9729340493981,1407.3816899933445
