time,length,weight
0.0,442.0,715.0
201600.0,519.4985726434752,1416.6528299932434
