time,length,weight
0.0,442.0,715.0
201600.0,520.3740394042967,1423.2907599931873
