time,length,weight
0.0,442.0,715.0
201600.0,519.285158105175,1411.4465299932924
