time,length,weight
0.0,442.0,715.0
201600.0,518.8831285032334,1406.5098899933134
