time,length,weight
0.0,442.0,715.0
201600.0,519.895367832057,1416.18993999319
