time,length,weight
0.0,442.0,715.0
201600.0,519.2950758543633,1410.9735799932796
