time,length,weight
0.0,442.0,715.0
201600.0,519.615259621584,1413.0015699932853
