time,length,weight
0.0,442.0,715.0
201600.0,519.0481383216453,1406.2754599932327
