time,length,weight
0.0,442.0,715.0
201600.0,519.1803296079506,1410.5375599933138
