time,length,weight
0.0,442.0,715.0
201600.0,519.1417279426296,1409.348159993206
