time,length,weight
0.0,442.0,715.0
201600.0,519.6495050301488,1415.2079499932713
