time,Liver_oc_infest,length,prey_parasitation,weight
0.0,0.0,,,
0.0,,442.0,,715.0
201600.0,11.975756949917477,,,
201600.0,,525.2289649210256,,1482.3721699922687
