time,Liver_oc_infest,length,prey_parasitation,weight
0.0,0.0,,,
0.0,,442.0,,715.0
201600.0,8.028262680354754,,,
201600.0,,523.6395533244993,,1465.8754299923692
