time,Liver_oc_infest,length,prey_parasitation,weight
0.0,0.0,,,
0.0,,442.0,,715.0
201600.0,15.717788960208658,,,
201600.0,,521.4952498837342,,1438.84080999264
