time,Liver_oc_infest,length,prey_parasitation,weight
0.0,0.0,,,
0.0,,442.0,,715.0
201600.0,17.39826835305174,,,
201600.0,,522.4554040185022,,1453.6261399926798
