time,Liver_oc_infest,length,prey_parasitation,weight
0.0,0.0,,,
0.0,,442.0,,715.0
201600.0,16.640995984795296,,,
201600.0,,525.3024653540228,,1486.5750999924567
