time,Liver_oc_infest,length,prey_parasitation,weight
0.0,0.0,,,
0.0,,442.0,,715.0
201600.0,12.451289395026864,,,
201600.0,,523.4974595393489,,1462.45384999266
