time,Liver_oc_infest,length,prey_parasitation,weight
0.0,0.0,,,
0.0,,442.0,,715.0
201600.0,10.501635090811384,,,
201600.0,,523.5706614283466,,1461.032709992307
