time,Liver_oc_infest,length,prey_parasitation,weight
0.0,0.0,,,
0.0,,442.0,,715.0
201600.0,17.163350226602123,,,
201600.0,,525.6274102888302,,1491.7132499924712
