time,Liver_oc_infest,length,prey_parasitation,weight
0.0,0.0,,,
0.0,,442.0,,715.0
201600.0,8.512819932399324,,,
201600.0,,524.7734045329264,,1477.0454299922628
