time,Liver_oc_infest,length,prey_parasitation,weight
0.0,0.0,,,
0.0,,442.0,,715.0
201600.0,3.360941257432278,,,
201600.0,,524.428652266028,,1473.1558699923519
