time,Liver_oc_infest,length,prey_parasitation,weight
0.0,0.0,,,
0.0,,442.0,,715.0
201600.0,6.202574059692495,,,
201600.0,,522.5196387626618,,1451.0706399926598
