time,Liver_oc_infest,length,prey_parasitation,weight
0.0,0.0,,,
0.0,,442.0,,715.0
201600.0,13.801277870492704,,,
201600.0,,522.7020017807597,,1453.7988199925421
