time,Liver_oc_infest,length,prey_parasitation,weight
0.0,0.0,,,
0.0,,442.0,,715.0
201600.0,9.005573579215579,,,
201600.0,,524.479996897222,,1476.8301099923774
