time,Liver_oc_infest,length,prey_parasitation,weight
0.0,0.0,,,
0.0,,442.0,,715.0
201600.0,6.202129688604344,,,
201600.0,,525.3841928511865,,1485.266409992248
