time,Liver_oc_infest,length,prey_parasitation,weight
0.0,0.0,,,
0.0,,442.0,,715.0
201600.0,3.090661360171123,,,
201600.0,,523.8989461568773,,1464.758689992254
