time,Liver_oc_infest,length,prey_parasitation,weight
0.0,0.0,,,
0.0,,442.0,,715.0
201600.0,16.352082554634286,,,
201600.0,,524.6055194443494,,1478.6570899924188
