time,Liver_oc_infest,length,prey_parasitation,weight
0.0,0.0,,,
0.0,,442.0,,715.0
201600.0,10.001836556961996,,,
201600.0,,522.8530172952104,,1454.7751699926641
