time,Liver_oc_infest,length,prey_parasitation,weight
0.0,0.0,,,
0.0,,442.0,,715.0
201600.0,16.641240529516264,,,
201600.0,,525.8366452586863,,1492.4237899923714
