time,Liver_oc_infest,length,prey_parasitation,weight
0.0,0.0,,,
0.0,,442.0,,715.0
201600.0,0.646339684014908,,,
201600.0,,522.5917426201052,,1447.5272699924333
