time,Liver_oc_infest,length,prey_parasitation,weight
0.0,0.0,,,
0.0,,442.0,,715.0
201600.0,13.365546297607894,,,
201600.0,,524.7871416462872,,1481.9269199922303
