time,Liver_oc_infest,length,prey_parasitation,weight
0.0,0.0,,,
0.0,,442.0,,777.0
201600.0,8.451132114450925,,,
201600.0,,517.2858445072449,,1483.9052799923136
