time,Liver_oc_infest,length,prey_parasitation,weight
0.0,0.0,,,
0.0,,442.0,,777.0
201600.0,8.404452103792247,,,
201600.0,,517.4119227969028,,1484.5155399924859
