time,Liver_oc_infest,length,prey_parasitation,weight
0.0,0.0,,,
0.0,,442.0,,777.0
201600.0,8.18237314507426,,,
201600.0,,521.2786107111646,,1538.9236999921327
