time,Liver_oc_infest,length,prey_parasitation,weight
0.0,0.0,,,
0.0,,442.0,,777.0
201600.0,8.475048767473325,,,
201600.0,,518.3939586356071,,1495.9579999922087
