time,Liver_oc_infest,length,prey_parasitation,weight
0.0,0.0,,,
0.0,,442.0,,777.0
201600.0,8.313459572484735,,,
201600.0,,516.1592403911378,,1470.4425699924311
