time,Liver_oc_infest,length,prey_parasitation,weight
0.0,0.0,,,
0.0,,442.0,,777.0
201600.0,9.541351938898968,,,
201600.0,,517.4728705781614,,1486.0700799924557
