time,Liver_oc_infest,length,prey_parasitation,weight
0.0,0.0,,,
0.0,,442.0,,777.0
201600.0,8.317159033794892,,,
201600.0,,520.0375314576678,,1519.7785699921214
