time,Liver_oc_infest,length,prey_parasitation,weight
0.0,0.0,,,
0.0,,442.0,,777.0
201600.0,8.246630868135743,,,
201600.0,,516.8362721939803,,1478.443759992858
