time,Liver_oc_infest,length,prey_parasitation,weight
0.0,0.0,,,
0.0,,442.0,,777.0
201600.0,9.578829402264207,,,
201600.0,,516.0475589538825,,1467.7326599925902
