time,Liver_oc_infest,length,prey_parasitation,weight
0.0,0.0,,,
0.0,,442.0,,777.0
201600.0,8.686877745055662,,,
201600.0,,517.075523824883,,1481.4668199924643
