time,Liver_oc_infest,length,prey_parasitation,weight
0.0,0.0,,,
0.0,,442.0,,777.0
201600.0,8.589406631476011,,,
201600.0,,519.0771276047229,,1507.2154899923833
