time,Liver_oc_infest,length,prey_parasitation,weight
0.0,0.0,,,
0.0,,442.0,,777.0
201600.0,7.271271962172913,,,
201600.0,,517.4226408443017,,1486.6603399922697
