time,Liver_oc_infest,length,prey_parasitation,weight
0.0,0.0,,,
0.0,,442.0,,777.0
201600.0,8.294621519537493,,,
201600.0,,518.9598040737894,,1501.758179992142
