time,Liver_oc_infest,length,prey_parasitation,weight
0.0,0.0,,,
0.0,,442.0,,777.0
201600.0,8.680239032601222,,,
201600.0,,516.1009422457354,,1471.9285199923986
