time,Liver_oc_infest,length,prey_parasitation,weight
0.0,0.0,,,
0.0,,442.0,,777.0
201600.0,9.003952194707189,,,
201600.0,,521.2247078392189,,1533.355639992114
