time,Liver_oc_infest,length,prey_parasitation,weight
0.0,0.0,,,
0.0,,442.0,,777.0
201600.0,7.838406504775093,,,
201600.0,,518.3573742549011,,1497.244079992144
