time,Liver_oc_infest,length,prey_parasitation,weight
0.0,0.0,,,
0.0,,442.0,,777.0
201600.0,9.390054169390277,,,
201600.0,,517.9321369411465,,1495.4817799922118
