time,Liver_oc_infest,length,prey_parasitation,weight
0.0,0.0,,,
0.0,,442.0,,777.0
201600.0,7.985314572963422,,,
201600.0,,520.9241288158012,,1529.7885699921778
