time,Liver_oc_infest,length,prey_parasitation,weight
0.0,0.0,,,
0.0,,442.0,,777.0
201600.0,8.09191713303377,,,
201600.0,,518.5703574623196,,1498.7454499922376
