time,Liver_oc_infest,length,prey_parasitation,weight
0.0,0.0,,,
0.0,,442.0,,777.0
201600.0,8.629134346520335,,,
201600.0,,518.2624284940233,,1497.0711599922133
