time,Liver_oc_infest,length,prey_parasitation,weight
0.0,0.0,,,
0.0,,442.0,,715.0
201600.0,19.999816591371943,,,
201600.0,,508.74155215507585,,1285.063419993879
