time,Liver_oc_infest,length,prey_parasitation,weight
0.0,0.0,,,
0.0,,442.0,,715.0
201600.0,19.99991758792139,,,
201600.0,,508.6282283715183,,1286.191219993821
