time,Liver_oc_infest,length,prey_parasitation,weight
0.0,0.0,,,
0.0,,442.0,,715.0
201600.0,19.9999325230292,,,
201600.0,,508.1692846190009,,1280.3770099938795
