time,Liver_oc_infest,length,prey_parasitation,weight
0.0,0.0,,,
0.0,,442.0,,715.0
201600.0,19.999697615672513,,,
201600.0,,508.29667552955533,,1284.1408599938284
