time,Liver_oc_infest,length,prey_parasitation,weight
0.0,0.0,,,
0.0,,442.0,,715.0
201600.0,19.99981660523726,,,
201600.0,,507.46528534458866,,1273.0386899938628
