time,Liver_oc_infest,length,prey_parasitation,weight
0.0,0.0,,,
0.0,,442.0,,715.0
201600.0,19.999917586396993,,,
201600.0,,507.40044279860564,,1272.255839993906
