time,Liver_oc_infest,length,prey_parasitation,weight
0.0,0.0,,,
0.0,,442.0,,715.0
201600.0,19.9996976083097,,,
201600.0,,509.3844387299292,,1293.6930199937747
