time,Liver_oc_infest,length,prey_parasitation,weight
0.0,0.0,,,
0.0,,442.0,,715.0
201600.0,19.99987706476398,,,
201600.0,,507.03455516063474,,1268.956439994
