time,Liver_oc_infest,length,prey_parasitation,weight
0.0,0.0,,,
0.0,,442.0,,715.0
201600.0,19.99950150057054,,,
201600.0,,508.2132149967217,,1280.0115199938455
