time,Liver_oc_infest,length,prey_parasitation,weight
0.0,0.0,,,
0.0,,442.0,,715.0
201600.0,19.999501486991107,,,
201600.0,,509.17611419621323,,1290.4774899936754
