time,Liver_oc_infest,length,prey_parasitation,weight
0.0,0.0,,,
0.0,,442.0,,715.0
201600.0,19.999630674146818,,,
201600.0,,509.6599221823301,,1296.2368699938233
