time,Liver_oc_infest,length,prey_parasitation,weight
0.0,0.0,,,
0.0,,442.0,,715.0
201600.0,19.99979731925925,,,
201600.0,,509.5899553074563,,1298.5426499936248
