time,Liver_oc_infest,length,prey_parasitation,weight
0.0,0.0,,,
0.0,,442.0,,715.0
201600.0,19.999864120871816,,,
201600.0,,508.80389536282166,,1288.969829993698
