time,Liver_oc_infest,length,prey_parasitation,weight
0.0,0.0,,,
0.0,,442.0,,715.0
201600.0,19.9996658314734,,,
201600.0,,509.95282301236364,,1301.1651199936264
