time,Liver_oc_infest,length,prey_parasitation,weight
0.0,0.0,,,
0.0,,442.0,,715.0
201600.0,19.99997967519905,,,
201600.0,,509.07217082116,,1290.4237099937936
