time,Liver_oc_infest,length,prey_parasitation,weight
0.0,0.0,,,
0.0,,442.0,,715.0
201600.0,19.999775984650917,,,
201600.0,,507.007561751454,,1267.7898699940365
