time,Liver_oc_infest,length,prey_parasitation,weight
0.0,0.0,,,
0.0,,442.0,,715.0
201600.0,19.999776000922964,,,
201600.0,,509.9096115824167,,1296.2440899936896
