time,Liver_oc_infest,length,prey_parasitation,weight
0.0,0.0,,,
0.0,,442.0,,715.0
201600.0,19.999954766179233,,,
201600.0,,507.46250671242944,,1274.3057999940393
