time,Liver_oc_infest,length,prey_parasitation,weight
0.0,0.0,,,
0.0,,442.0,,715.0
201600.0,19.999726388025984,,,
201600.0,,509.30750333091396,,1291.3805899938181
