time,Liver_oc_infest,length,prey_parasitation,weight
0.0,0.0,,,
0.0,,442.0,,715.0
201600.0,19.999548910961636,,,
201600.0,,508.32917364225403,,1280.0970399938415
