time,length,weight
0.0,442.0,715.0
201600.0,511.4536994459485,1315.259309994393
