time,length,weight
0.0,442.0,715.0
201600.0,512.3836884676758,1323.5376099942891
