time,length,weight
0.0,442.0,715.0
201600.0,512.1048113234083,1320.181449994381
