time,length,weight
0.0,442.0,715.0
201600.0,511.32963430839726,1311.7782199944145
