time,length,weight
0.0,442.0,715.0
201600.0,511.4225107660761,1312.887509994381
