time,length,weight
0.0,442.0,715.0
201600.0,511.44538404259305,1313.7045699944
