time,length,weight
0.0,442.0,715.0
201600.0,511.6340676687528,1314.106539994378
