time,length,weight
0.0,442.0,715.0
201600.0,512.707963825122,1326.7151099940138
