time,length,weight
0.0,442.0,715.0
201600.0,510.2360128225845,1297.7083299944347
