time,length,weight
0.0,442.0,715.0
201600.0,512.5224946052081,1324.9532199943562
