time,length,weight
0.0,442.0,715.0
201600.0,510.933879219461,1307.1300899944017
