time,length,weight
0.0,442.0,715.0
201600.0,511.7154857344486,1315.2848099943592
