time,length,weight
0.0,442.0,715.0
201600.0,512.3749959033742,1324.8919499939695
