time,length,weight
0.0,442.0,715.0
201600.0,511.9733234694769,1320.7656299940763
