time,length,weight
0.0,442.0,715.0
201600.0,512.5176935690868,1324.281519994373
