time,length,weight
0.0,442.0,715.0
201600.0,512.7003301502775,1327.997569994045
