time,length,weight
0.0,442.0,715.0
201600.0,510.8620252504634,1305.8075899943642
