time,length,weight
0.0,442.0,715.0
201600.0,510.7722734761761,1306.6511699944813
