time,length,weight
0.0,442.0,715.0
201600.0,511.5328708615455,1317.5211299943778
