time,Liver_oc_infest,length,prey_parasitation,weight
0.0,0.0,,,
0.0,,442.0,,715.0
201600.0,19.99979731861917,,,
201600.0,,502.4066837414366,,1212.7560299946676
