time,Liver_oc_infest,length,prey_parasitation,weight
0.0,0.0,,,
0.0,,442.0,,715.0
201600.0,19.999591852641274,,,
201600.0,,503.63788663816564,,1226.086839994411
