time,Liver_oc_infest,length,prey_parasitation,weight
0.0,0.0,,,
0.0,,442.0,,715.0
201600.0,19.997978608203923,,,
201600.0,,502.44363450791445,,1214.2974599947756
