time,Liver_oc_infest,length,prey_parasitation,weight
0.0,0.0,,,
0.0,,442.0,,715.0
201600.0,19.999256378371552,,,
201600.0,,504.6506059916097,,1236.7071199942309
