time,Liver_oc_infest,length,prey_parasitation,weight
0.0,0.0,,,
0.0,,442.0,,715.0
201600.0,19.998774025967762,,,
201600.0,,501.0779562871031,,1198.8137999949345
