time,Liver_oc_infest,length,prey_parasitation,weight
0.0,0.0,,,
0.0,,442.0,,715.0
201600.0,19.99917813983446,,,
201600.0,,501.3970390064143,,1202.1233199949147
