time,Liver_oc_infest,length,prey_parasitation,weight
0.0,0.0,,,
0.0,,442.0,,715.0
201600.0,19.999548946397837,,,
201600.0,,501.6315306386649,,1204.1234499949287
