time,Liver_oc_infest,length,prey_parasitation,weight
0.0,0.0,,,
0.0,,442.0,,715.0
201600.0,19.999726407514803,,,
201600.0,,502.45577947630426,,1213.3768699947652
