time,Liver_oc_infest,length,prey_parasitation,weight
0.0,0.0,,,
0.0,,442.0,,715.0
201600.0,19.999630704004648,,,
201600.0,,501.6250132134094,,1205.0168399949205
