time,Liver_oc_infest,length,prey_parasitation,weight
0.0,0.0,,,
0.0,,442.0,,715.0
201600.0,19.997978856296637,,,
201600.0,,501.8960077132956,,1205.111889994941
