time,Liver_oc_infest,length,prey_parasitation,weight
0.0,0.0,,,
0.0,,442.0,,715.0
201600.0,19.99983405298068,,,
201600.0,,503.2790562079622,,1223.2952199943845
