time,Liver_oc_infest,length,prey_parasitation,weight
0.0,0.0,,,
0.0,,442.0,,715.0
201600.0,19.99981659404913,,,
201600.0,,500.8170668984601,,1195.3206999949703
