time,Liver_oc_infest,length,prey_parasitation,weight
0.0,0.0,,,
0.0,,442.0,,715.0
201600.0,19.9986451550218,,,
201600.0,,503.34191868170484,,1221.7075399947435
