time,Liver_oc_infest,length,prey_parasitation,weight
0.0,0.0,,,
0.0,,442.0,,715.0
201600.0,19.99944907626257,,,
201600.0,,502.89666637211127,,1217.3198799947797
