time,Liver_oc_infest,length,prey_parasitation,weight
0.0,0.0,,,
0.0,,442.0,,715.0
201600.0,19.999697630641744,,,
201600.0,,501.48979182476967,,1203.0179699949497
