time,Liver_oc_infest,length,prey_parasitation,weight
0.0,0.0,,,
0.0,,442.0,,715.0
201600.0,19.999932526964088,,,
201600.0,,500.0617170499312,,1185.664519995152
