time,Liver_oc_infest,length,prey_parasitation,weight
0.0,0.0,,,
0.0,,442.0,,715.0
201600.0,19.997531321639027,,,
201600.0,,501.5451068286794,,1204.1377399949472
