time,Liver_oc_infest,length,prey_parasitation,weight
0.0,0.0,,,
0.0,,442.0,,715.0
201600.0,19.999256350111825,,,
201600.0,,500.4886457449428,,1193.0639199950044
