time,Liver_oc_infest,length,prey_parasitation,weight
0.0,0.0,,,
0.0,,442.0,,715.0
201600.0,19.999449095382875,,,
201600.0,,501.4575154629812,,1204.3258399949482
