time,Liver_oc_infest,length,prey_parasitation,weight
0.0,0.0,,,
0.0,,442.0,,715.0
201600.0,19.99909171634229,,,
201600.0,,500.47370643050544,,1192.84939999507
