time,Liver_oc_infest,length,prey_parasitation,weight
0.0,0.0,,,
0.0,,442.0,,691.0
201600.0,0.0,,,
201600.0,,528.6860899003041,,1489.3543399916036
