time,Liver_oc_infest,length,prey_parasitation,weight
0.0,0.0,,,
0.0,,442.0,,691.0
201600.0,0.0,,,
201600.0,,529.7361426539004,,1500.9210999915633
