time,Liver_oc_infest,length,prey_parasitation,weight
0.0,0.0,,,
0.0,,442.0,,715.0
201600.0,0.0,,,
201600.0,,499.11040987889277,,1170.7701599960508
