time,length,weight
0.0,442.0,715.0
201600.0,502.7269574984329,1213.5972099955138
