time,length,weight
0.0,442.0,715.0
201600.0,502.35530704530976,1210.6526399955837
