time,length,weight
0.0,442.0,715.0
201600.0,503.1087512762099,1217.2392999954434
