time,length,weight
0.0,442.0,715.0
201600.0,502.907283238837,1214.6396899954204
