time,length,weight
0.0,442.0,715.0
201600.0,502.71216164310215,1211.8881699955432
