time,length,weight
0.0,442.0,715.0
201600.0,503.15466212664853,1216.7636099955048
