time,length,weight
0.0,442.0,715.0
201600.0,502.45217549498653,1212.1184099955049
