time,length,weight
0.0,442.0,715.0
201600.0,503.32882300749907,1219.6212299954454
