time,length,weight
0.0,442.0,715.0
201600.0,502.6272622480641,1213.305629995546
