time,length,weight
0.0,442.0,715.0
201600.0,502.8581337209202,1215.272759995566
