time,length,weight
0.0,442.0,715.0
201600.0,502.87317882093544,1212.8611699954813
