time,length,weight
0.0,442.0,715.0
201600.0,503.31449008437755,1218.310769995496
