time,length,weight
0.0,442.0,715.0
201600.0,502.0068994845865,1204.9024999955539
