time,length,weight
0.0,442.0,715.0
201600.0,503.46578947230057,1219.9434299955042
