time,Liver_oc_infest,length,prey_parasitation,weight
0.0,0.0,,,
0.0,,442.0,,864.0
201600.0,0.0,,,
201600.0,,522.1874727608612,,1698.0207599894427
