time,Liver_oc_infest,length,prey_parasitation,weight
0.0,0.0,,,
0.0,,442.0,,715.0
201600.0,19.999999898489932,,,
201600.0,,516.4315642422147,,1387.3024799925288
