time,Liver_oc_infest,length,prey_parasitation,weight
0.0,0.0,,,
0.0,,442.0,,715.0
201600.0,19.999999887815466,,,
201600.0,,517.1869205508114,,1394.8502099923699
