time,Liver_oc_infest,length,prey_parasitation,weight
0.0,0.0,,,
0.0,,442.0,,715.0
201600.0,19.999999916888434,,,
201600.0,,519.1001014142969,,1414.8521799922157
