time,Liver_oc_infest,length,prey_parasitation,weight
0.0,0.0,,,
0.0,,442.0,,715.0
201600.0,19.999999931952225,,,
201600.0,,518.4485025053234,,1408.0725899923618
