time,Liver_oc_infest,length,prey_parasitation,weight
0.0,0.0,,,
0.0,,442.0,,715.0
201600.0,19.999999862981,,,
201600.0,,517.5607675060869,,1397.662389992449
