time,Liver_oc_infest,length,prey_parasitation,weight
0.0,0.0,,,
0.0,,442.0,,715.0
201600.0,19.999999898489932,,,
201600.0,,517.8681790969906,,1402.678319992434
