time,Liver_oc_infest,length,prey_parasitation,weight
0.0,0.0,,,
0.0,,442.0,,715.0
201600.0,19.999999750353787,,,
201600.0,,518.3774438411908,,1409.227549992217
