time,Liver_oc_infest,length,prey_parasitation,weight
0.0,0.0,,,
0.0,,442.0,,715.0
201600.0,19.999999887815466,,,
201600.0,,516.5065038713267,,1387.5976499924855
