time,Liver_oc_infest,length,prey_parasitation,weight
0.0,0.0,,,
0.0,,442.0,,715.0
201600.0,19.99999995438379,,,
201600.0,,520.1906608567273,,1431.864529992082
