time,Liver_oc_infest,length,prey_parasitation,weight
0.0,0.0,,,
0.0,,442.0,,715.0
201600.0,19.999999887815466,,,
201600.0,,520.4152121738306,,1430.1410199920144
