time,Liver_oc_infest,length,prey_parasitation,weight
0.0,0.0,,,
0.0,,442.0,,715.0
201600.0,19.999999898489932,,,
201600.0,,518.2754264878309,,1406.6903799922227
