time,Liver_oc_infest,length,prey_parasitation,weight
0.0,0.0,,,
0.0,,442.0,,715.0
201600.0,19.999999908148705,,,
201600.0,,519.1030820013892,,1416.0756799922192
