time,Liver_oc_infest,length,prey_parasitation,weight
0.0,0.0,,,
0.0,,442.0,,715.0
201600.0,19.9999998485725,,,
201600.0,,517.2309505822135,,1392.8024199924812
