time,Liver_oc_infest,length,prey_parasitation,weight
0.0,0.0,,,
0.0,,442.0,,715.0
201600.0,19.999999774107987,,,
201600.0,,517.6523535997335,,1398.2245399924195
