time,Liver_oc_infest,length,prey_parasitation,weight
0.0,0.0,,,
0.0,,442.0,,715.0
201600.0,19.999999876018503,,,
201600.0,,517.9667721509024,,1404.0847899922633
