time,Liver_oc_infest,length,prey_parasitation,weight
0.0,0.0,,,
0.0,,442.0,,715.0
201600.0,19.999999774107987,,,
201600.0,,516.8066683345612,,1390.7304199924627
