time,Liver_oc_infest,length,prey_parasitation,weight
0.0,0.0,,,
0.0,,442.0,,715.0
201600.0,19.99999994428572,,,
201600.0,,518.0403471130562,,1404.2931499923423
