time,Liver_oc_infest,length,prey_parasitation,weight
0.0,0.0,,,
0.0,,442.0,,777.0
201600.0,0.0,,,
201600.0,,526.9839692062577,,1619.4645999905763
