time,Liver_oc_infest,length,prey_parasitation,weight
0.0,0.0,,,
0.0,,442.0,,715.0
201600.0,19.999391190026703,,,
201600.0,,489.12961883764467,,1072.907329997025
