time,Liver_oc_infest,length,prey_parasitation,weight
0.0,0.0,,,
0.0,,442.0,,715.0
201600.0,19.999391190026703,,,
201600.0,,489.05445935000296,,1072.328509997059
