time,Liver_oc_infest,length,prey_parasitation,weight
0.0,0.0,,,
0.0,,442.0,,715.0
201600.0,19.999391190026703,,,
201600.0,,488.36844726695483,,1064.7911699971733
