time,Liver_oc_infest,length,prey_parasitation,weight
0.0,0.0,,,
0.0,,442.0,,715.0
201600.0,19.999178218327184,,,
201600.0,,490.3587351697136,,1084.4149299966577
