time,Liver_oc_infest,length,prey_parasitation,weight
0.0,0.0,,,
0.0,,442.0,,715.0
201600.0,19.99889074909989,,,
201600.0,,489.0354257947766,,1071.6541099970439
