time,Liver_oc_infest,length,prey_parasitation,weight
0.0,0.0,,,
0.0,,442.0,,715.0
201600.0,19.99979732415422,,,
201600.0,,489.74991295214204,,1079.920649996802
