time,Liver_oc_infest,length,prey_parasitation,weight
0.0,0.0,,,
0.0,,442.0,,715.0
201600.0,19.999630720374036,,,
201600.0,,486.83146634237346,,1053.49998999729
