time,Liver_oc_infest,length,prey_parasitation,weight
0.0,0.0,,,
0.0,,442.0,,715.0
201600.0,19.99954896927335,,,
201600.0,,488.60768492034975,,1069.9442899971573
