time,Liver_oc_infest,length,prey_parasitation,weight
0.0,0.0,,,
0.0,,442.0,,715.0
201600.0,19.99899629629872,,,
201600.0,,488.1858291596129,,1064.4054899971654
