time,Liver_oc_infest,length,prey_parasitation,weight
0.0,0.0,,,
0.0,,442.0,,715.0
201600.0,19.999501538727426,,,
201600.0,,487.43288878897977,,1057.4029399972876
