time,Liver_oc_infest,length,prey_parasitation,weight
0.0,0.0,,,
0.0,,442.0,,715.0
201600.0,19.999449120469357,,,
201600.0,,489.65180801065145,,1077.1533399970267
