time,Liver_oc_infest,length,prey_parasitation,weight
0.0,0.0,,,
0.0,,442.0,,715.0
201600.0,19.999449120469357,,,
201600.0,,488.3547974974232,,1063.8597199971825
