time,Liver_oc_infest,length,prey_parasitation,weight
0.0,0.0,,,
0.0,,442.0,,715.0
201600.0,19.999449120469357,,,
201600.0,,489.8500637841581,,1078.9457199970657
