time,Liver_oc_infest,length,prey_parasitation,weight
0.0,0.0,,,
0.0,,442.0,,715.0
201600.0,19.999256413184018,,,
201600.0,,490.7942771880411,,1087.3302999966515
