time,Liver_oc_infest,length,prey_parasitation,weight
0.0,0.0,,,
0.0,,442.0,,950.0
201600.0,0.0,,,
201600.0,,516.1894517189968,,1649.588379990981
