time,Liver_oc_infest,length,prey_parasitation,weight
0.0,0.0,,,
0.0,,442.0,,950.0
201600.0,0.0,,,
201600.0,,516.2842849975696,,1649.9748199911828
