time,Liver_oc_infest,length,prey_parasitation,weight
0.0,0.0,,,
0.0,,442.0,,715.0
201600.0,19.999995895959604,,,
201600.0,,505.5609332967433,,1253.3655999941109
