time,Liver_oc_infest,length,prey_parasitation,weight
0.0,0.0,,,
0.0,,442.0,,715.0
201600.0,19.9999966398255,,,
201600.0,,505.49806042756825,,1251.3067799944574
