time,Liver_oc_infest,length,prey_parasitation,weight
0.0,0.0,,,
0.0,,442.0,,715.0
201600.0,19.99998767214549,,,
201600.0,,505.9771987367122,,1257.9853799940695
