time,Liver_oc_infest,length,prey_parasitation,weight
0.0,0.0,,,
0.0,,442.0,,715.0
201600.0,19.999997747511497,,,
201600.0,,506.18281217776564,,1258.4872899941156
