time,Liver_oc_infest,length,prey_parasitation,weight
0.0,0.0,,,
0.0,,442.0,,715.0
201600.0,19.99999446029635,,,
201600.0,,506.2519174946238,,1259.6106399941173
