time,Liver_oc_infest,length,prey_parasitation,weight
0.0,0.0,,,
0.0,,442.0,,715.0
201600.0,19.99998884518726,,,
201600.0,,506.5868877881105,,1263.0469199940183
