time,Liver_oc_infest,length,prey_parasitation,weight
0.0,0.0,,,
0.0,,442.0,,715.0
201600.0,19.999997510642036,,,
201600.0,,505.3978548788545,,1251.1748899943175
