time,Liver_oc_infest,length,prey_parasitation,weight
0.0,0.0,,,
0.0,,442.0,,715.0
201600.0,19.999995464380984,,,
201600.0,,506.9262593375596,,1267.3867599941202
