time,Liver_oc_infest,length,prey_parasitation,weight
0.0,0.0,,,
0.0,,442.0,,715.0
201600.0,19.999993233928087,,,
201600.0,,504.5269528521875,,1239.2373399945582
