time,Liver_oc_infest,length,prey_parasitation,weight
0.0,0.0,,,
0.0,,442.0,,715.0
201600.0,19.999990867032075,,,
201600.0,,506.3558609475032,,1263.1875599940358
