time,Liver_oc_infest,length,prey_parasitation,weight
0.0,0.0,,,
0.0,,442.0,,715.0
201600.0,19.999996959556224,,,
201600.0,,506.667880015921,,1263.7616699941207
