time,Liver_oc_infest,length,prey_parasitation,weight
0.0,0.0,,,
0.0,,442.0,,715.0
201600.0,19.999997747511497,,,
201600.0,,508.7038520363682,,1285.4732299938646
