time,Liver_oc_infest,length,prey_parasitation,weight
0.0,0.0,,,
0.0,,442.0,,715.0
201600.0,19.9999966398255,,,
201600.0,,507.3527599404529,,1268.0660699940145
