time,Liver_oc_infest,length,prey_parasitation,weight
0.0,0.0,,,
0.0,,442.0,,715.0
201600.0,19.999995464380984,,,
201600.0,,505.7181501339901,,1252.8250499943483
