time,Liver_oc_infest,length,prey_parasitation,weight
0.0,0.0,,,
0.0,,442.0,,715.0
201600.0,19.9999966398255,,,
201600.0,,506.8061440370294,,1264.798669994059
