time,Liver_oc_infest,length,prey_parasitation,weight
0.0,0.0,,,
0.0,,442.0,,715.0
201600.0,19.999996286471895,,,
201600.0,,506.35852666647787,,1263.091519994083
