time,Liver_oc_infest,length,prey_parasitation,weight
0.0,0.0,,,
0.0,,442.0,,715.0
201600.0,19.9999925224093,,,
201600.0,,505.338059051001,,1251.7502299940443
