time,Liver_oc_infest,length,prey_parasitation,weight
0.0,0.0,,,
0.0,,442.0,,950.0
201600.0,0.8055294316681377,,,
201600.0,,539.9657285791276,,1887.7944399884318
