time,Liver_oc_infest,length,prey_parasitation,weight
0.0,0.0,,,
0.0,,442.0,,950.0
201600.0,0.7802339708675926,,,
201600.0,,538.7293645129173,,1874.617719988306
