time,Liver_oc_infest,length,prey_parasitation,weight
0.0,0.0,,,
0.0,,442.0,,950.0
201600.0,0.7547998430783436,,,
201600.0,,535.911792707633,,1845.2865799881722
