time,Liver_oc_infest,length,prey_parasitation,weight
0.0,0.0,,,
0.0,,442.0,,950.0
201600.0,0.7206560085745047,,,
201600.0,,537.6092496505906,,1863.0240499883828
