time,Liver_oc_infest,length,prey_parasitation,weight
0.0,0.0,,,
0.0,,442.0,,950.0
201600.0,0.7419732115010822,,,
201600.0,,539.8409453977844,,1886.1664999882544
