time,Liver_oc_infest,length,prey_parasitation,weight
0.0,0.0,,,
0.0,,442.0,,950.0
201600.0,0.7715504189265289,,,
201600.0,,536.9792837883432,,1856.5095799884627
