time,Liver_oc_infest,length,prey_parasitation,weight
0.0,0.0,,,
0.0,,442.0,,950.0
201600.0,0.8473098053377245,,,
201600.0,,539.9507118669658,,1887.582109988255
