time,Liver_oc_infest,length,prey_parasitation,weight
0.0,0.0,,,
0.0,,442.0,,950.0
201600.0,0.7417903613881858,,,
201600.0,,539.809006010549,,1885.8167599880833
