time,Liver_oc_infest,length,prey_parasitation,weight
0.0,0.0,,,
0.0,,442.0,,950.0
201600.0,0.754734485067693,,,
201600.0,,539.3902767814801,,1881.6907799885778
