time,Liver_oc_infest,length,prey_parasitation,weight
0.0,0.0,,,
0.0,,442.0,,950.0
201600.0,0.7677030574889908,,,
201600.0,,537.8203158393272,,1865.2438699884958
