time,Liver_oc_infest,length,prey_parasitation,weight
0.0,0.0,,,
0.0,,442.0,,950.0
201600.0,0.7337600152551751,,,
201600.0,,538.6445912521515,,1873.93034998838
