time,Liver_oc_infest,length,prey_parasitation,weight
0.0,0.0,,,
0.0,,442.0,,950.0
201600.0,0.686858699279199,,,
201600.0,,537.0749986573219,,1857.3695899884967
