time,Liver_oc_infest,length,prey_parasitation,weight
0.0,0.0,,,
0.0,,442.0,,950.0
201600.0,0.7227749800582532,,,
201600.0,,537.2478947759747,,1859.1835499884053
