time,Liver_oc_infest,length,prey_parasitation,weight
0.0,0.0,,,
0.0,,442.0,,950.0
201600.0,0.7810672201077684,,,
201600.0,,539.2313865928153,,1879.8319499881604
