time,Liver_oc_infest,length,prey_parasitation,weight
0.0,0.0,,,
0.0,,442.0,,950.0
201600.0,0.8264549936856935,,,
201600.0,,538.2054387963126,,1869.2507999883512
