time,Liver_oc_infest,length,prey_parasitation,weight
0.0,0.0,,,
0.0,,442.0,,950.0
201600.0,0.7606663167276584,,,
201600.0,,539.8883406953051,,1886.9159899883364
