time,Liver_oc_infest,length,prey_parasitation,weight
0.0,0.0,,,
0.0,,442.0,,950.0
201600.0,0.7790232792722014,,,
201600.0,,540.056042701004,,1889.026239988182
