time,Liver_oc_infest,length,prey_parasitation,weight
0.0,0.0,,,
0.0,,442.0,,950.0
201600.0,0.7667449329366904,,,
201600.0,,539.1299463537854,,1879.1097099882518
