time,Liver_oc_infest,length,prey_parasitation,weight
0.0,0.0,,,
0.0,,442.0,,950.0
201600.0,0.807689439349072,,,
201600.0,,539.8022610406314,,1885.779309988255
