time,Liver_oc_infest,length,prey_parasitation,weight
0.0,0.0,,,
0.0,,442.0,,950.0
201600.0,0.8069885602630853,,,
201600.0,,540.8026615084948,,1896.3270299882413
