time,Liver_oc_infest,length,prey_parasitation,weight
0.0,0.0,,,
0.0,,442.0,,691.0
201600.0,17.790896175494918,,,
201600.0,,517.4447072153664,,1347.9428099937425
