time,Liver_oc_infest,length,prey_parasitation,weight
0.0,0.0,,,
0.0,,442.0,,691.0
201600.0,17.242715744185883,,,
201600.0,,518.8965568664786,,1366.3073799937526
