time,Liver_oc_infest,length,prey_parasitation,weight
0.0,0.0,,,
0.0,,442.0,,691.0
201600.0,17.917451651135504,,,
201600.0,,518.8770759089323,,1364.5553499935645
