time,Liver_oc_infest,length,prey_parasitation,weight
0.0,0.0,,,
0.0,,442.0,,691.0
201600.0,17.362013515619996,,,
201600.0,,518.4450890269743,,1357.1701999937454
