time,Liver_oc_infest,length,prey_parasitation,weight
0.0,0.0,,,
0.0,,442.0,,691.0
201600.0,17.874933133547543,,,
201600.0,,520.3715769215476,,1379.9137799935775
