time,Liver_oc_infest,length,prey_parasitation,weight
0.0,0.0,,,
0.0,,442.0,,691.0
201600.0,17.961110099177045,,,
201600.0,,519.3436616310329,,1368.18008999356
