time,Liver_oc_infest,length,prey_parasitation,weight
0.0,0.0,,,
0.0,,442.0,,691.0
201600.0,17.28573894755418,,,
201600.0,,517.1229140984112,,1340.8530699938033
