time,Liver_oc_infest,length,prey_parasitation,weight
0.0,0.0,,,
0.0,,442.0,,691.0
201600.0,17.71536468948309,,,
201600.0,,520.6692055282011,,1388.0368099935763
