time,Liver_oc_infest,length,prey_parasitation,weight
0.0,0.0,,,
0.0,,442.0,,691.0
201600.0,18.27993012500385,,,
201600.0,,519.4999964846438,,1369.6466399935298
