time,Liver_oc_infest,length,prey_parasitation,weight
0.0,0.0,,,
0.0,,442.0,,691.0
201600.0,17.214655229534664,,,
201600.0,,516.4952627111521,,1334.341529993856
