time,Liver_oc_infest,length,prey_parasitation,weight
0.0,0.0,,,
0.0,,442.0,,691.0
201600.0,17.780372553042444,,,
201600.0,,517.6706747272897,,1351.2499599938049
