time,Liver_oc_infest,length,prey_parasitation,weight
0.0,0.0,,,
0.0,,442.0,,691.0
201600.0,17.776625771869636,,,
201600.0,,519.1344740979167,,1363.6090299936138
