time,Liver_oc_infest,length,prey_parasitation,weight
0.0,0.0,,,
0.0,,442.0,,691.0
201600.0,17.35229178167425,,,
201600.0,,518.5547810761067,,1359.1462099936575
