time,Liver_oc_infest,length,prey_parasitation,weight
0.0,0.0,,,
0.0,,442.0,,691.0
201600.0,17.602186054453913,,,
201600.0,,518.5173572118898,,1360.3444399935709
