time,Liver_oc_infest,length,prey_parasitation,weight
0.0,0.0,,,
0.0,,442.0,,691.0
201600.0,18.226515814101262,,,
201600.0,,518.4293809902551,,1355.1247199937393
