time,Liver_oc_infest,length,prey_parasitation,weight
0.0,0.0,,,
0.0,,442.0,,691.0
201600.0,17.842633310488825,,,
201600.0,,517.4124642371304,,1346.906699993777
