time,Liver_oc_infest,length,prey_parasitation,weight
0.0,0.0,,,
0.0,,442.0,,691.0
201600.0,17.942800913381006,,,
201600.0,,518.6059308221403,,1357.5262799936286
