time,Liver_oc_infest,length,prey_parasitation,weight
0.0,0.0,,,
0.0,,442.0,,691.0
201600.0,17.67551644171177,,,
201600.0,,518.0077783360132,,1356.022409993725
