time,Liver_oc_infest,length,prey_parasitation,weight
0.0,0.0,,,
0.0,,442.0,,691.0
201600.0,18.096103468850046,,,
201600.0,,520.2613237326647,,1380.5577499935355
