time,Liver_oc_infest,length,prey_parasitation,weight
0.0,0.0,,,
0.0,,442.0,,691.0
201600.0,18.19352310657533,,,
201600.0,,516.8071837047247,,1340.7530299938333
