time,Liver_oc_infest,length,prey_parasitation,weight
0.0,0.0,,,
0.0,,442.0,,691.0
201600.0,0.0,,,
201600.0,,527.1174495545052,,1466.3917299921172
