time,Liver_oc_infest,length,prey_parasitation,weight
0.0,0.0,,,
0.0,,442.0,,691.0
201600.0,0.0,,,
201600.0,,523.9505379863051,,1428.4169299925577
