time,Liver_oc_infest,length,prey_parasitation,weight
0.0,0.0,,,
0.0,,442.0,,715.0
201600.0,19.999994459487738,,,
201600.0,,519.5541990077571,,1424.9882999920515
