time,Liver_oc_infest,length,prey_parasitation,weight
0.0,0.0,,,
0.0,,442.0,,715.0
201600.0,19.999995463664632,,,
201600.0,,517.1649234734662,,1389.9358399924633
