time,Liver_oc_infest,length,prey_parasitation,weight
0.0,0.0,,,
0.0,,442.0,,715.0
201600.0,19.9999954634605,,,
201600.0,,519.7465354451879,,1425.1741899920676
