time,Liver_oc_infest,length,prey_parasitation,weight
0.0,0.0,,,
0.0,,442.0,,715.0
201600.0,19.999998987674225,,,
201600.0,,519.4665769559854,,1421.8543899921872
