time,Liver_oc_infest,length,prey_parasitation,weight
0.0,0.0,,,
0.0,,442.0,,715.0
201600.0,19.999993233719636,,,
201600.0,,519.936720363471,,1423.6208699921315
