time,Liver_oc_infest,length,prey_parasitation,weight
0.0,0.0,,,
0.0,,442.0,,715.0
201600.0,19.999899323639337,,,
201600.0,,519.2593923670905,,1419.6810199922058
