time,Liver_oc_infest,length,prey_parasitation,weight
0.0,0.0,,,
0.0,,442.0,,715.0
201600.0,19.99995906700705,,,
201600.0,,520.5094706385753,,1434.506749992008
