time,Liver_oc_infest,length,prey_parasitation,weight
0.0,0.0,,,
0.0,,442.0,,715.0
201600.0,19.999977535231647,,,
201600.0,,518.2354972414159,,1406.5427299922417
