time,Liver_oc_infest,length,prey_parasitation,weight
0.0,0.0,,,
0.0,,442.0,,715.0
201600.0,19.999981604566393,,,
201600.0,,518.7083037642461,,1411.2525299922765
