time,Liver_oc_infest,length,prey_parasitation,weight
0.0,0.0,,,
0.0,,442.0,,715.0
201600.0,19.99999815554135,,,
201600.0,,519.7071942633149,,1423.3949499921619
