time,Liver_oc_infest,length,prey_parasitation,weight
0.0,0.0,,,
0.0,,442.0,,715.0
201600.0,19.999981605350825,,,
201600.0,,517.3313809996698,,1397.905159992405
