time,Liver_oc_infest,length,prey_parasitation,weight
0.0,0.0,,,
0.0,,442.0,,715.0
201600.0,19.99996648601053,,,
201600.0,,519.6283640849172,,1423.534209992128
