time,Liver_oc_infest,length,prey_parasitation,weight
0.0,0.0,,,
0.0,,442.0,,715.0
201600.0,19.99999724831083,,,
201600.0,,519.6331418781486,,1423.035909992198
