time,Liver_oc_infest,length,prey_parasitation,weight
0.0,0.0,,,
0.0,,442.0,,715.0
201600.0,19.999988843621296,,,
201600.0,,517.9322855306093,,1406.3038199923446
