time,Liver_oc_infest,length,prey_parasitation,weight
0.0,0.0,,,
0.0,,442.0,,715.0
201600.0,19.999992520888217,,,
201600.0,,518.4308153629731,,1410.4921999922449
