time,Liver_oc_infest,length,prey_parasitation,weight
0.0,0.0,,,
0.0,,442.0,,715.0
201600.0,19.999983355746604,,,
201600.0,,519.5002337908647,,1419.8947999922627
