time,Liver_oc_infest,length,prey_parasitation,weight
0.0,0.0,,,
0.0,,442.0,,715.0
201600.0,19.999995463692997,,,
201600.0,,519.2547294090946,,1416.2334999922339
