time,Liver_oc_infest,length,prey_parasitation,weight
0.0,0.0,,,
0.0,,442.0,,715.0
201600.0,19.99998494101586,,,
201600.0,,519.8460089643148,,1426.1308699920712
