time,Liver_oc_infest,length,prey_parasitation,weight
0.0,0.0,,,
0.0,,442.0,,715.0
201600.0,19.99998990518801,,,
201600.0,,521.5216599159282,,1443.8062299919332
