time,Liver_oc_infest,length,prey_parasitation,weight
0.0,0.0,,,
0.0,,442.0,,715.0
201600.0,19.999986374271998,,,
201600.0,,519.9884662695678,,1430.072959992132
