time,length,weight
0.0,442.0,715.0
201600.0,468.76582629443527,875.5229799994994
