time,length,weight
0.0,442.0,715.0
201600.0,467.6332240878575,865.1266499995879
