time,length,weight
0.0,442.0,715.0
201600.0,466.57361407302454,857.7238599996342
