time,length,weight
0.0,442.0,715.0
201600.0,465.2758204584614,845.7744999997332
