time,length,weight
0.0,442.0,715.0
201600.0,470.2594416029433,887.9646099993909
