time,length,weight
0.0,442.0,715.0
201600.0,464.99656378668834,844.426119999748
