time,length,weight
0.0,442.0,715.0
201600.0,466.097717152422,852.6863399996755
