time,length,weight
0.0,442.0,715.0
201600.0,466.8627248423641,859.7492199996233
