time,length,weight
0.0,442.0,715.0
201600.0,466.01726824809583,851.8284899996806
