time,length,weight
0.0,442.0,715.0
201600.0,463.6010167217006,832.2494299998417
