time,length,weight
0.0,442.0,715.0
201600.0,469.1797699144716,879.1395399994665
