time,length,weight
0.0,442.0,715.0
201600.0,467.30084471761245,864.3928199995848
