time,length,weight
0.0,442.0,715.0
201600.0,467.3261357340363,863.5439199995932
