time,length,weight
0.0,442.0,715.0
201600.0,465.89201536974167,850.9519099996883
