time,length,weight
0.0,442.0,715.0
201600.0,468.3391494719919,873.4030199995096
