time,length,weight
0.0,442.0,715.0
201600.0,467.8660335958693,867.2606399995645
