time,length,weight
0.0,442.0,715.0
201600.0,468.2622495040407,870.5892499995301
