time,Liver_oc_infest,length,prey_parasitation,weight
0.0,0.0,,,
0.0,,442.0,,715.0
201600.0,19.999950003652835,,,
201600.0,,516.7899030690256,,1387.012259992533
