time,Liver_oc_infest,length,prey_parasitation,weight
0.0,0.0,,,
0.0,,442.0,,715.0
201600.0,19.999994986627126,,,
201600.0,,516.7612498898089,,1385.946589992626
