time,Liver_oc_infest,length,prey_parasitation,weight
0.0,0.0,,,
0.0,,442.0,,715.0
201600.0,19.999987670278834,,,
201600.0,,516.1258362184307,,1377.6073599926087
