time,Liver_oc_infest,length,prey_parasitation,weight
0.0,0.0,,,
0.0,,442.0,,715.0
201600.0,19.999938944415465,,,
201600.0,,518.9615461157274,,1411.9262599923024
