time,Liver_oc_infest,length,prey_parasitation,weight
0.0,0.0,,,
0.0,,442.0,,715.0
201600.0,19.999925428321365,,,
201600.0,,517.7012707751841,,1401.5093299923822
