time,Liver_oc_infest,length,prey_parasitation,weight
0.0,0.0,,,
0.0,,442.0,,715.0
201600.0,19.999962965243522,,,
201600.0,,520.0128533030548,,1423.0881399923094
