time,Liver_oc_infest,length,prey_parasitation,weight
0.0,0.0,,,
0.0,,442.0,,715.0
201600.0,19.999987670084785,,,
201600.0,,517.2479155081553,,1391.7201399924934
