time,Liver_oc_infest,length,prey_parasitation,weight
0.0,0.0,,,
0.0,,442.0,,715.0
201600.0,19.999989905153388,,,
201600.0,,516.9629716444908,,1390.215239992557
