time,Liver_oc_infest,length,prey_parasitation,weight
0.0,0.0,,,
0.0,,442.0,,715.0
201600.0,19.999979672688895,,,
201600.0,,518.0761951659803,,1403.0448799924063
