time,Liver_oc_infest,length,prey_parasitation,weight
0.0,0.0,,,
0.0,,442.0,,715.0
201600.0,19.999950007526607,,,
201600.0,,517.3261518369353,,1395.4014199924193
