time,Liver_oc_infest,length,prey_parasitation,weight
0.0,0.0,,,
0.0,,442.0,,715.0
201600.0,19.99998990465366,,,
201600.0,,514.8563240951689,,1367.1076599927214
