time,Liver_oc_infest,length,prey_parasitation,weight
0.0,0.0,,,
0.0,,442.0,,715.0
201600.0,19.999966486082773,,,
201600.0,,515.5818840227167,,1373.075009992623
