time,Liver_oc_infest,length,prey_parasitation,weight
0.0,0.0,,,
0.0,,442.0,,715.0
201600.0,19.999988844529213,,,
201600.0,,517.539532310074,,1394.1833199925395
