time,Liver_oc_infest,length,prey_parasitation,weight
0.0,0.0,,,
0.0,,442.0,,715.0
201600.0,19.99997967246745,,,
201600.0,,517.9655651657872,,1402.678219992372
