time,Liver_oc_infest,length,prey_parasitation,weight
0.0,0.0,,,
0.0,,442.0,,715.0
201600.0,19.999990865768993,,,
201600.0,,518.8542235285717,,1409.9052499924169
