time,Liver_oc_infest,length,prey_parasitation,weight
0.0,0.0,,,
0.0,,442.0,,715.0
201600.0,19.999995463554477,,,
201600.0,,518.471842857749,,1409.301049992307
