time,Liver_oc_infest,length,prey_parasitation,weight
0.0,0.0,,,
0.0,,442.0,,715.0
201600.0,19.999977533592176,,,
201600.0,,517.7738268294382,,1399.8753699924623
