time,Liver_oc_infest,length,prey_parasitation,weight
0.0,0.0,,,
0.0,,442.0,,715.0
201600.0,19.99997517177102,,,
201600.0,,516.223381498235,,1379.7404899925518
