time,Liver_oc_infest,length,prey_parasitation,weight
0.0,0.0,,,
0.0,,442.0,,715.0
201600.0,19.99999387698525,,,
201600.0,,518.6276530711175,,1411.1075399923532
