time,Liver_oc_infest,length,prey_parasitation,weight
0.0,0.0,,,
0.0,,442.0,,715.0
201600.0,19.999938936230432,,,
201600.0,,516.451191562336,,1380.5807899926042
