time,Liver_oc_infest,length,prey_parasitation,weight
0.0,0.0,,,
0.0,,442.0,,605.0
201600.0,18.346536664105596,,,
201600.0,,498.96231185667506,,1147.8895799955383
