time,Liver_oc_infest,length,prey_parasitation,weight
0.0,0.0,,,
0.0,,442.0,,605.0
201600.0,17.84837274078074,,,
201600.0,,496.57497528567416,,1123.9106599957317
