time,Liver_oc_infest,length,prey_parasitation,weight
0.0,0.0,,,
0.0,,442.0,,605.0
201600.0,18.484724408285235,,,
201600.0,,498.97739286428117,,1145.5959499955277
