time,Liver_oc_infest,length,prey_parasitation,weight
0.0,0.0,,,
0.0,,442.0,,605.0
201600.0,18.15679775332766,,,
201600.0,,501.18469624971044,,1170.0632199950394
