time,Liver_oc_infest,length,prey_parasitation,weight
0.0,0.0,,,
0.0,,442.0,,605.0
201600.0,18.898288614175733,,,
201600.0,,499.1049615086777,,1148.8905999954047
