time,Liver_oc_infest,length,prey_parasitation,weight
0.0,0.0,,,
0.0,,442.0,,605.0
201600.0,17.959290966297576,,,
201600.0,,497.1020124860228,,1129.310489995693
