time,Liver_oc_infest,length,prey_parasitation,weight
0.0,0.0,,,
0.0,,442.0,,605.0
201600.0,18.579495768559624,,,
201600.0,,500.81995116006374,,1166.9600399950714
