time,Liver_oc_infest,length,prey_parasitation,weight
0.0,0.0,,,
0.0,,442.0,,605.0
201600.0,18.599319724118615,,,
201600.0,,496.98794550808225,,1127.5838499956437
