time,Liver_oc_infest,length,prey_parasitation,weight
0.0,0.0,,,
0.0,,442.0,,605.0
201600.0,18.623803109827577,,,
201600.0,,498.2809544711149,,1141.693519995504
