time,Liver_oc_infest,length,prey_parasitation,weight
0.0,0.0,,,
0.0,,442.0,,605.0
201600.0,18.02561846269968,,,
201600.0,,499.4251419892885,,1153.7936899954866
