time,Liver_oc_infest,length,prey_parasitation,weight
0.0,0.0,,,
0.0,,442.0,,605.0
201600.0,18.00011723133919,,,
201600.0,,498.2689126520238,,1142.4640599955562
