time,Liver_oc_infest,length,prey_parasitation,weight
0.0,0.0,,,
0.0,,442.0,,605.0
201600.0,18.211580581601787,,,
201600.0,,496.7602630329279,,1127.2159999956878
