time,Liver_oc_infest,length,prey_parasitation,weight
0.0,0.0,,,
0.0,,442.0,,605.0
201600.0,18.097420263479737,,,
201600.0,,498.6524348958883,,1143.3567399955937
