time,Liver_oc_infest,length,prey_parasitation,weight
0.0,0.0,,,
0.0,,442.0,,605.0
201600.0,18.424458053669497,,,
201600.0,,498.1345860090326,,1140.160929995647
