time,Liver_oc_infest,length,prey_parasitation,weight
0.0,0.0,,,
0.0,,442.0,,605.0
201600.0,18.695111050260305,,,
201600.0,,496.2633189051148,,1121.3878099957515
