time,Liver_oc_infest,length,prey_parasitation,weight
0.0,0.0,,,
0.0,,442.0,,605.0
201600.0,18.184087423737957,,,
201600.0,,499.0900622363238,,1148.9388599955362
