time,Liver_oc_infest,length,prey_parasitation,weight
0.0,0.0,,,
0.0,,442.0,,605.0
201600.0,18.156724516850645,,,
201600.0,,497.9761049226271,,1136.968529995596
