time,Liver_oc_infest,length,prey_parasitation,weight
0.0,0.0,,,
0.0,,442.0,,605.0
201600.0,18.783560853740774,,,
201600.0,,497.2790709844423,,1133.0316699955865
