time,Liver_oc_infest,length,prey_parasitation,weight
0.0,0.0,,,
0.0,,442.0,,605.0
201600.0,17.99619514637624,,,
201600.0,,498.90961521637917,,1146.0719699955755
