time,Liver_oc_infest,length,prey_parasitation,weight
0.0,0.0,,,
0.0,,442.0,,715.0
201600.0,19.99999917126348,,,
201600.0,,512.5396496259965,,1332.0405199933655
