time,Liver_oc_infest,length,prey_parasitation,weight
0.0,0.0,,,
0.0,,442.0,,715.0
201600.0,19.999999444455504,,,
201600.0,,511.89600853104383,,1326.4464899933557
