time,Liver_oc_infest,length,prey_parasitation,weight
0.0,0.0,,,
0.0,,442.0,,715.0
201600.0,19.99999849004573,,,
201600.0,,511.22189431962113,,1318.546479993617
