time,Liver_oc_infest,length,prey_parasitation,weight
0.0,0.0,,,
0.0,,442.0,,715.0
201600.0,19.999999444455504,,,
201600.0,,512.6037721667768,,1334.8306999933486
