time,Liver_oc_infest,length,prey_parasitation,weight
0.0,0.0,,,
0.0,,442.0,,715.0
201600.0,19.999999815050675,,,
201600.0,,512.5335896812833,,1336.4197199932942
