time,Liver_oc_infest,length,prey_parasitation,weight
0.0,0.0,,,
0.0,,442.0,,715.0
201600.0,19.999998331260873,,,
201600.0,,510.7198640306437,,1312.8912099935903
