time,Liver_oc_infest,length,prey_parasitation,weight
0.0,0.0,,,
0.0,,442.0,,715.0
201600.0,19.999998881360874,,,
201600.0,,511.2271196706771,,1319.4743599933709
