time,Liver_oc_infest,length,prey_parasitation,weight
0.0,0.0,,,
0.0,,442.0,,715.0
201600.0,19.9999996275897,,,
201600.0,,512.6556522221149,,1335.1325899933638
