time,Liver_oc_infest,length,prey_parasitation,weight
0.0,0.0,,,
0.0,,442.0,,715.0
201600.0,19.999998763726463,,,
201600.0,,511.5669009802238,,1321.8748399935391
