time,Liver_oc_infest,length,prey_parasitation,weight
0.0,0.0,,,
0.0,,442.0,,715.0
201600.0,19.999999250119558,,,
201600.0,,512.7996714621488,,1336.6767299933629
