time,Liver_oc_infest,length,prey_parasitation,weight
0.0,0.0,,,
0.0,,442.0,,715.0
201600.0,19.99999898780202,,,
201600.0,,511.0747348268087,,1319.9299499934227
