time,Liver_oc_infest,length,prey_parasitation,weight
0.0,0.0,,,
0.0,,442.0,,715.0
201600.0,19.99999898780202,,,
201600.0,,511.6372524522081,,1324.8939899934082
