time,Liver_oc_infest,length,prey_parasitation,weight
0.0,0.0,,,
0.0,,442.0,,715.0
201600.0,19.999999444455504,,,
201600.0,,513.0961785247202,,1343.3298299933372
