time,Liver_oc_infest,length,prey_parasitation,weight
0.0,0.0,,,
0.0,,442.0,,715.0
201600.0,19.99999898780202,,,
201600.0,,512.0156487035487,,1328.6976499933403
