time,Liver_oc_infest,length,prey_parasitation,weight
0.0,0.0,,,
0.0,,442.0,,715.0
201600.0,19.99999724886343,,,
201600.0,,512.0125128829864,,1327.2772499932873
