time,Liver_oc_infest,length,prey_parasitation,weight
0.0,0.0,,,
0.0,,442.0,,715.0
201600.0,19.999999588427894,,,
201600.0,,512.1295089867914,,1331.551339993432
