time,Liver_oc_infest,length,prey_parasitation,weight
0.0,0.0,,,
0.0,,442.0,,715.0
201600.0,19.999999386035565,,,
201600.0,,511.8019830586425,,1326.1065799935498
