time,Liver_oc_infest,length,prey_parasitation,weight
0.0,0.0,,,
0.0,,442.0,,715.0
201600.0,5.782472742084674,,,
201600.0,,511.0206750913625,,1303.8922999943907
