time,Liver_oc_infest,length,prey_parasitation,weight
0.0,0.0,,,
0.0,,442.0,,715.0
201600.0,10.001432029439206,,,
201600.0,,512.0103133129911,,1316.7746899942651
