time,Liver_oc_infest,length,prey_parasitation,weight
0.0,0.0,,,
0.0,,442.0,,715.0
201600.0,4.6307967295180354,,,
201600.0,,510.73388731606985,,1302.2756199942207
