time,Liver_oc_infest,length,prey_parasitation,weight
0.0,0.0,,,
0.0,,442.0,,715.0
201600.0,12.914552257556968,,,
201600.0,,511.24485036519314,,1305.7456899942613
