time,Liver_oc_infest,length,prey_parasitation,weight
0.0,0.0,,,
0.0,,442.0,,715.0
201600.0,4.631092355058781,,,
201600.0,,509.95500095484385,,1293.9136999942891
