time,Liver_oc_infest,length,prey_parasitation,weight
0.0,0.0,,,
0.0,,442.0,,715.0
201600.0,5.782965723825706,,,
201600.0,,510.4540623024533,,1299.173219994159
