time,Liver_oc_infest,length,prey_parasitation,weight
0.0,0.0,,,
0.0,,442.0,,715.0
201600.0,1.9959047427729149,,,
201600.0,,514.4731780440372,,1341.9224799939652
