time,Liver_oc_infest,length,prey_parasitation,weight
0.0,0.0,,,
0.0,,442.0,,715.0
201600.0,7.552646725675875,,,
201600.0,,513.2322656987351,,1330.8403999941593
