time,Liver_oc_infest,length,prey_parasitation,weight
0.0,0.0,,,
0.0,,442.0,,715.0
201600.0,9.004740857868875,,,
201600.0,,511.4162331054436,,1308.0422399942513
