time,Liver_oc_infest,length,prey_parasitation,weight
0.0,0.0,,,
0.0,,442.0,,715.0
201600.0,9.502075845860908,,,
201600.0,,510.2757070274465,,1296.037059994263
