time,Liver_oc_infest,length,prey_parasitation,weight
0.0,0.0,,,
0.0,,442.0,,715.0
201600.0,3.6498390886902485,,,
201600.0,,512.305006688626,,1319.5817599939487
