time,Liver_oc_infest,length,prey_parasitation,weight
0.0,0.0,,,
0.0,,442.0,,715.0
201600.0,0.9490254764596461,,,
201600.0,,510.5227082856111,,1297.474959994216
