time,Liver_oc_infest,length,prey_parasitation,weight
0.0,0.0,,,
0.0,,442.0,,715.0
201600.0,10.500879001828505,,,
201600.0,,510.5258315637627,,1299.4153099943305
