time,Liver_oc_infest,length,prey_parasitation,weight
0.0,0.0,,,
0.0,,442.0,,715.0
201600.0,12.45061106318967,,,
201600.0,,512.730361779712,,1325.6792199940942
