time,Liver_oc_infest,length,prey_parasitation,weight
0.0,0.0,,,
0.0,,442.0,,715.0
201600.0,4.9965756034194735,,,
201600.0,,511.6584024049314,,1310.275319993931
