time,Liver_oc_infest,length,prey_parasitation,weight
0.0,0.0,,,
0.0,,442.0,,715.0
201600.0,2.3849957458948436,,,
201600.0,,507.3128486575504,,1263.9858399948444
