time,Liver_oc_infest,length,prey_parasitation,weight
0.0,0.0,,,
0.0,,442.0,,715.0
201600.0,10.001577635720743,,,
201600.0,,515.1284290456347,,1349.507029994132
