time,Liver_oc_infest,length,prey_parasitation,weight
0.0,0.0,,,
0.0,,442.0,,715.0
201600.0,6.637683435979422,,,
201600.0,,512.42772160973,,1319.9890699942366
