time,Liver_oc_infest,length,prey_parasitation,weight
0.0,0.0,,,
0.0,,442.0,,715.0
201600.0,8.028137950375198,,,
201600.0,,513.3162284318857,,1329.4140699940901
