time,Liver_oc_infest,length,prey_parasitation,weight
0.0,0.0,,,
0.0,,442.0,,715.0
201600.0,13.80091537046915,,,
201600.0,,512.0970287469029,,1319.9044799943551
