time,Liver_oc_infest,length,prey_parasitation,weight
0.0,0.0,,,
0.0,,442.0,,777.0
201600.0,5.0443536490749326,,,
201600.0,,500.6792095273604,,1275.7012899950362
