time,Liver_oc_infest,length,prey_parasitation,weight
0.0,0.0,,,
0.0,,442.0,,777.0
201600.0,5.281447823662597,,,
201600.0,,499.37831304223954,,1262.995919995301
