time,Liver_oc_infest,length,prey_parasitation,weight
0.0,0.0,,,
0.0,,442.0,,777.0
201600.0,5.699469421099999,,,
201600.0,,501.20891108927424,,1279.7201899950394
