time,Liver_oc_infest,length,prey_parasitation,weight
0.0,0.0,,,
0.0,,442.0,,777.0
201600.0,4.664589645367415,,,
201600.0,,499.91134674330084,,1271.507509995272
