time,Liver_oc_infest,length,prey_parasitation,weight
0.0,0.0,,,
0.0,,442.0,,777.0
201600.0,5.44911379553118,,,
201600.0,,499.15220626752915,,1263.3854399952168
