time,Liver_oc_infest,length,prey_parasitation,weight
0.0,0.0,,,
0.0,,442.0,,777.0
201600.0,5.20253027654906,,,
201600.0,,499.77226105608673,,1269.0422099951409
