time,Liver_oc_infest,length,prey_parasitation,weight
0.0,0.0,,,
0.0,,442.0,,777.0
201600.0,5.331972062689906,,,
201600.0,,499.8932425326801,,1268.1782999951238
