time,Liver_oc_infest,length,prey_parasitation,weight
0.0,0.0,,,
0.0,,442.0,,777.0
201600.0,5.591064174345426,,,
201600.0,,501.6235234731065,,1285.5152699948733
