time,Liver_oc_infest,length,prey_parasitation,weight
0.0,0.0,,,
0.0,,442.0,,777.0
201600.0,4.841209752010599,,,
201600.0,,499.3602233724324,,1263.7376099953706
