time,Liver_oc_infest,length,prey_parasitation,weight
0.0,0.0,,,
0.0,,442.0,,777.0
201600.0,5.7591113670091,,,
201600.0,,498.4395819358859,,1254.753959995286
