time,Liver_oc_infest,length,prey_parasitation,weight
0.0,0.0,,,
0.0,,442.0,,777.0
201600.0,6.277339986984999,,,
201600.0,,501.05908268592066,,1278.5812899951586
