time,Liver_oc_infest,length,prey_parasitation,weight
0.0,0.0,,,
0.0,,442.0,,777.0
201600.0,5.09425599587377,,,
201600.0,,497.5406142849663,,1245.0766399952265
