time,Liver_oc_infest,length,prey_parasitation,weight
0.0,0.0,,,
0.0,,442.0,,777.0
201600.0,5.802732395796578,,,
201600.0,,501.4310825240914,,1282.825749995082
