time,Liver_oc_infest,length,prey_parasitation,weight
0.0,0.0,,,
0.0,,442.0,,777.0
201600.0,5.839708206339247,,,
201600.0,,498.6317234415252,,1256.4983099952271
