time,Liver_oc_infest,length,prey_parasitation,weight
0.0,0.0,,,
0.0,,442.0,,777.0
201600.0,6.227739516296856,,,
201600.0,,500.46069911240664,,1276.9654599951907
