time,Liver_oc_infest,length,prey_parasitation,weight
0.0,0.0,,,
0.0,,442.0,,777.0
201600.0,5.010082755180663,,,
201600.0,,499.78510091996094,,1267.8747399952263
