time,Liver_oc_infest,length,prey_parasitation,weight
0.0,0.0,,,
0.0,,442.0,,777.0
201600.0,5.022814430473487,,,
201600.0,,498.3814386685001,,1252.3417299950847
