time,Liver_oc_infest,length,prey_parasitation,weight
0.0,0.0,,,
0.0,,442.0,,777.0
201600.0,4.859873666254114,,,
201600.0,,498.5672573086247,,1256.3726999953192
