time,Liver_oc_infest,length,prey_parasitation,weight
0.0,0.0,,,
0.0,,442.0,,777.0
201600.0,5.8020611000854645,,,
201600.0,,499.72754856623004,,1267.911509995124
