time,Liver_oc_infest,length,prey_parasitation,weight
0.0,0.0,,,
0.0,,442.0,,777.0
201600.0,5.958309606570466,,,
201600.0,,501.90935529029343,,1290.4065699946232
