time,Liver_oc_infest,length,prey_parasitation,weight
0.0,0.0,,,
0.0,,442.0,,777.0
201600.0,10.106653053011415,,,
201600.0,,528.6252495979621,,1643.0086199905147
