time,Liver_oc_infest,length,prey_parasitation,weight
0.0,0.0,,,
0.0,,442.0,,777.0
201600.0,10.27825393945528,,,
201600.0,,530.2752982605074,,1668.0667099906339
