time,Liver_oc_infest,length,prey_parasitation,weight
0.0,0.0,,,
0.0,,442.0,,777.0
201600.0,10.607686695599607,,,
201600.0,,529.0327868473745,,1647.5756199906382
