time,Liver_oc_infest,length,prey_parasitation,weight
0.0,0.0,,,
0.0,,442.0,,777.0
201600.0,9.97417555916611,,,
201600.0,,527.7649585460058,,1628.5943399906669
