time,Liver_oc_infest,length,prey_parasitation,weight
0.0,0.0,,,
0.0,,442.0,,777.0
201600.0,10.485455487987355,,,
201600.0,,529.0735610065991,,1648.7632599906804
