time,Liver_oc_infest,length,prey_parasitation,weight
0.0,0.0,,,
0.0,,442.0,,777.0
201600.0,9.951678605072338,,,
201600.0,,527.9421573554732,,1636.3257199906354
