time,Liver_oc_infest,length,prey_parasitation,weight
0.0,0.0,,,
0.0,,442.0,,777.0
201600.0,10.148869224125436,,,
201600.0,,528.5209827730743,,1639.981429990626
