time,Liver_oc_infest,length,prey_parasitation,weight
0.0,0.0,,,
0.0,,442.0,,777.0
201600.0,10.872746146516548,,,
201600.0,,530.078345412727,,1662.8656299905747
