time,Liver_oc_infest,length,prey_parasitation,weight
0.0,0.0,,,
0.0,,442.0,,777.0
201600.0,10.905479275404394,,,
201600.0,,528.9561485777849,,1647.4708499907017
