time,Liver_oc_infest,length,prey_parasitation,weight
0.0,0.0,,,
0.0,,442.0,,777.0
201600.0,9.855921310680072,,,
201600.0,,526.4864075901501,,1611.7581099906386
