time,Liver_oc_infest,length,prey_parasitation,weight
0.0,0.0,,,
0.0,,442.0,,777.0
201600.0,9.232794483553608,,,
201600.0,,529.7218045125476,,1658.7703399905479
