time,Liver_oc_infest,length,prey_parasitation,weight
0.0,0.0,,,
0.0,,442.0,,777.0
201600.0,10.647443525017602,,,
201600.0,,528.6570935388069,,1641.0116199906881
