time,Liver_oc_infest,length,prey_parasitation,weight
0.0,0.0,,,
0.0,,442.0,,777.0
201600.0,10.221831567914828,,,
201600.0,,529.5014646234013,,1651.889959990656
