time,Liver_oc_infest,length,prey_parasitation,weight
0.0,0.0,,,
0.0,,442.0,,777.0
201600.0,10.360656613022117,,,
201600.0,,527.6083835350481,,1633.2878899906773
