time,Liver_oc_infest,length,prey_parasitation,weight
0.0,0.0,,,
0.0,,442.0,,777.0
201600.0,10.78820156856815,,,
201600.0,,529.569246086573,,1657.1348899906184
