time,Liver_oc_infest,length,prey_parasitation,weight
0.0,0.0,,,
0.0,,442.0,,777.0
201600.0,9.862132336534973,,,
201600.0,,529.8804707454459,,1656.7297999906543
