time,Liver_oc_infest,length,prey_parasitation,weight
0.0,0.0,,,
0.0,,442.0,,777.0
201600.0,10.854438151048035,,,
201600.0,,528.5215594368476,,1638.0776799909358
