time,Liver_oc_infest,length,prey_parasitation,weight
0.0,0.0,,,
0.0,,442.0,,777.0
201600.0,11.031338267754688,,,
201600.0,,528.4193244746037,,1638.7803299906295
