time,Liver_oc_infest,length,prey_parasitation,weight
0.0,0.0,,,
0.0,,442.0,,777.0
201600.0,11.033272325959182,,,
201600.0,,528.8400316935312,,1645.4063899906707
