time,Liver_oc_infest,length,prey_parasitation,weight
0.0,0.0,,,
0.0,,442.0,,777.0
201600.0,10.26027215194943,,,
201600.0,,530.9396793734604,,1676.8929999905627
