time,length,weight
0.0,442.0,715.0
201600.0,486.4779196324715,1044.9207299977786
