time,length,weight
0.0,442.0,715.0
201600.0,487.0037691694379,1048.9814599976003
