time,length,weight
0.0,442.0,715.0
201600.0,486.85381141030973,1047.1655199977545
