time,length,weight
0.0,442.0,715.0
201600.0,488.04048129624323,1058.180539997191
