time,length,weight
0.0,442.0,715.0
201600.0,487.82968293903997,1057.1274499973097
