time,length,weight
0.0,442.0,715.0
201600.0,487.0138894074717,1047.907819997848
