time,length,weight
0.0,442.0,715.0
201600.0,484.0132071228606,1020.7861899981599
