time,length,weight
0.0,442.0,715.0
201600.0,485.10156893784995,1030.9977199979344
