time,length,weight
0.0,442.0,715.0
201600.0,486.80864931255746,1047.517489997647
