time,length,weight
0.0,442.0,715.0
201600.0,486.2678708754232,1040.998119997737
