time,length,weight
0.0,442.0,715.0
201600.0,485.3563656114558,1032.2310699978523
