time,length,weight
0.0,442.0,715.0
201600.0,487.8085574620047,1055.5693599973104
