time,length,weight
0.0,442.0,715.0
201600.0,485.12901455671215,1031.2204399978461
