time,length,weight
0.0,442.0,715.0
201600.0,488.7951097234857,1066.6725699971214
