time,length,weight
0.0,442.0,715.0
201600.0,485.67981035657607,1036.33848999778
