time,length,weight
0.0,442.0,715.0
201600.0,487.13524298871494,1052.2987399976669
