time,length,weight
0.0,442.0,715.0
201600.0,486.6935124939989,1044.1449599977013
