time,length,weight
0.0,442.0,715.0
201600.0,487.1229734160723,1049.3252099976198
