time,length,weight
0.0,442.0,715.0
201600.0,486.3272221679617,1042.7580399978312
