time,length,weight
0.0,442.0,715.0
201600.0,485.37604066181325,1033.762899997877
