time,Liver_oc_infest,length,prey_parasitation,weight
0.0,0.0,,,
0.0,,442.0,,777.0
201600.0,0.0,,,
201600.0,,510.0289068703028,,1391.8143699935074
