time,Liver_oc_infest,length,prey_parasitation,weight
0.0,0.0,,,
0.0,,442.0,,777.0
201600.0,0.0,,,
201600.0,,511.238214622403,,1405.972919993582
