time,Liver_oc_infest,length,prey_parasitation,weight
0.0,0.0,,,
0.0,,442.0,,715.0
201600.0,19.977747268637636,,,
201600.0,,491.3101210318762,,1095.0334299965743
