time,Liver_oc_infest,length,prey_parasitation,weight
0.0,0.0,,,
0.0,,442.0,,715.0
201600.0,19.98177683693566,,,
201600.0,,488.565251420054,,1068.1157099971374
