time,Liver_oc_infest,length,prey_parasitation,weight
0.0,0.0,,,
0.0,,442.0,,715.0
201600.0,19.996668093304137,,,
201600.0,,489.3742885993819,,1074.8839799970162
