time,Liver_oc_infest,length,prey_parasitation,weight
0.0,0.0,,,
0.0,,442.0,,715.0
201600.0,19.9932921788338,,,
201600.0,,494.947490827254,,1128.4148899959232
