time,Liver_oc_infest,length,prey_parasitation,weight
0.0,0.0,,,
0.0,,442.0,,715.0
201600.0,19.99094602783484,,,
201600.0,,489.80406378689474,,1079.5836399970347
