time,Liver_oc_infest,length,prey_parasitation,weight
0.0,0.0,,,
0.0,,442.0,,715.0
201600.0,19.987780297063583,,,
201600.0,,491.94457480509305,,1099.0965399965155
