time,Liver_oc_infest,length,prey_parasitation,weight
0.0,0.0,,,
0.0,,442.0,,715.0
201600.0,19.995930624517115,,,
201600.0,,489.1768936812805,,1072.2581299970414
