time,Liver_oc_infest,length,prey_parasitation,weight
0.0,0.0,,,
0.0,,442.0,,715.0
201600.0,19.993929913823482,,,
201600.0,,489.3318394674527,,1073.4212799970867
