time,Liver_oc_infest,length,prey_parasitation,weight
0.0,0.0,,,
0.0,,442.0,,715.0
201600.0,19.993929875860065,,,
201600.0,,491.7621041613953,,1097.3301999965827
