time,Liver_oc_infest,length,prey_parasitation,weight
0.0,0.0,,,
0.0,,442.0,,715.0
201600.0,19.993929898310487,,,
201600.0,,490.2205536641171,,1086.6139599966539
