time,Liver_oc_infest,length,prey_parasitation,weight
0.0,0.0,,,
0.0,,442.0,,715.0
201600.0,19.993929979532876,,,
201600.0,,490.9911692848774,,1091.3142399965348
