time,Liver_oc_infest,length,prey_parasitation,weight
0.0,0.0,,,
0.0,,442.0,,715.0
201600.0,19.963337896051186,,,
201600.0,,493.7493312192863,,1118.439069996005
