time,Liver_oc_infest,length,prey_parasitation,weight
0.0,0.0,,,
0.0,,442.0,,715.0
201600.0,19.994507324536546,,,
201600.0,,489.31640882096684,,1074.60367999707
