time,Liver_oc_infest,length,prey_parasitation,weight
0.0,0.0,,,
0.0,,442.0,,715.0
201600.0,19.986496158118985,,,
201600.0,,490.92952288518615,,1090.3448399966367
