time,Liver_oc_infest,length,prey_parasitation,weight
0.0,0.0,,,
0.0,,442.0,,715.0
201600.0,19.990946075927027,,,
201600.0,,491.27927923934703,,1091.9343099965902
