time,Liver_oc_infest,length,prey_parasitation,weight
0.0,0.0,,,
0.0,,442.0,,715.0
201600.0,19.955238451949082,,,
201600.0,,492.28502623577015,,1103.311349996459
