time,Liver_oc_infest,length,prey_parasitation,weight
0.0,0.0,,,
0.0,,442.0,,715.0
201600.0,19.997531592251622,,,
201600.0,,491.23258822455205,,1093.026179996595
