time,Liver_oc_infest,length,prey_parasitation,weight
0.0,0.0,,,
0.0,,442.0,,715.0
201600.0,19.9909460954025,,,
201600.0,,490.93805421055,,1090.4187299965959
