time,Liver_oc_infest,length,prey_parasitation,weight
0.0,0.0,,,
0.0,,442.0,,715.0
201600.0,19.994507323798242,,,
201600.0,,493.31443146410754,,1112.4692199960607
