time,Liver_oc_infest,length,prey_parasitation,weight
0.0,0.0,,,
0.0,,442.0,,715.0
201600.0,19.989993912273075,,,
201600.0,,490.05466650068456,,1080.5331399967286
