time,length,weight
0.0,442.0,715.0
201600.0,524.4193383265431,1467.7154099920058
