time,length,weight
0.0,442.0,715.0
201600.0,520.6180957064786,1426.3150899925138
