time,length,weight
0.0,442.0,715.0
201600.0,524.4800912026259,1473.9735999921224
