time,length,weight
0.0,442.0,715.0
201600.0,522.2650777279453,1446.2421899923645
