time,length,weight
0.0,442.0,715.0
201600.0,522.4718559196594,1450.8272399923424
