time,length,weight
0.0,442.0,715.0
201600.0,522.9734954537639,1453.895849992359
