time,length,weight
0.0,442.0,715.0
201600.0,523.2725464001245,1457.4628999923134
