time,length,weight
0.0,442.0,715.0
201600.0,520.6955312418565,1424.2325699925616
