time,length,weight
0.0,442.0,715.0
201600.0,524.5552885001267,1476.182269992246
