time,length,weight
0.0,442.0,715.0
201600.0,521.2453147748366,1433.7795199924642
