time,length,weight
0.0,442.0,715.0
201600.0,520.8451452276419,1431.035309992493
