time,length,weight
0.0,442.0,715.0
201600.0,520.797316034111,1426.4149899924284
