time,length,weight
0.0,442.0,715.0
201600.0,521.4396193313165,1434.8740499921746
