time,length,weight
0.0,442.0,715.0
201600.0,525.2227744735718,1481.4928499921614
