time,length,weight
0.0,442.0,715.0
201600.0,523.5460057743402,1461.6294799922748
