time,length,weight
0.0,442.0,715.0
201600.0,521.6720745328549,1439.0562999923118
