time,length,weight
0.0,442.0,715.0
201600.0,523.386098000122,1459.0284699924466
