time,length,weight
0.0,442.0,715.0
201600.0,522.1780125315189,1446.9814999924752
