time,length,weight
0.0,442.0,715.0
201600.0,523.1477018063388,1452.6041199922677
