time,length,weight
0.0,442.0,715.0
201600.0,522.9277654942925,1453.3634899923525
