time,length,weight
0.0,442.0,715.0
201600.0,489.5291797706933,1067.5922199967888
