time,length,weight
0.0,442.0,715.0
201600.0,488.6387512841899,1061.1773699966589
