time,length,weight
0.0,442.0,715.0
201600.0,486.82466439790875,1040.3379999977926
