time,length,weight
0.0,442.0,715.0
201600.0,489.1796339181794,1065.2875299966547
