time,length,weight
0.0,442.0,715.0
201600.0,491.167088438815,1084.8479099963577
