time,length,weight
0.0,442.0,715.0
201600.0,491.04767109597503,1083.4870499964827
