time,length,weight
0.0,442.0,715.0
201600.0,490.4640330668022,1077.8370499963153
