time,length,weight
0.0,442.0,715.0
201600.0,490.6041788897117,1079.7477099967614
