time,length,weight
0.0,442.0,715.0
201600.0,491.541695739572,1088.6314099959184
