time,length,weight
0.0,442.0,715.0
201600.0,487.7369523253962,1048.6268899975537
