time,length,weight
0.0,442.0,715.0
201600.0,490.7274705524316,1078.821659996367
