time,length,weight
0.0,442.0,715.0
201600.0,487.60329768775654,1048.5714599975151
