time,length,weight
0.0,442.0,715.0
201600.0,489.2569289412132,1065.9201599966757
