time,length,weight
0.0,442.0,715.0
201600.0,491.52456345452833,1089.0750999957224
