time,length,weight
0.0,442.0,715.0
201600.0,489.1104595348308,1063.617819996922
