time,length,weight
0.0,442.0,715.0
201600.0,491.6113914545566,1086.9442699957049
