time,length,weight
0.0,442.0,715.0
201600.0,488.6758402868671,1061.829449996962
