time,length,weight
0.0,442.0,715.0
201600.0,491.2870720879622,1087.906089996371
