time,length,weight
0.0,442.0,715.0
201600.0,523.9932634732718,1471.9600599927953
