time,length,weight
0.0,442.0,715.0
201600.0,524.8578655914149,1481.5328999923738
