time,length,weight
0.0,442.0,715.0
201600.0,523.9960329585444,1469.4432999928229
