time,length,weight
0.0,442.0,715.0
201600.0,524.4494742728133,1477.0190399927874
