time,length,weight
0.0,442.0,715.0
201600.0,523.5643593297531,1464.2422099928317
