time,length,weight
0.0,442.0,715.0
201600.0,524.5877957646413,1480.5477099924346
