time,length,weight
0.0,442.0,715.0
201600.0,524.8124447276962,1480.7151399923364
