time,length,weight
0.0,442.0,715.0
201600.0,523.7342784191433,1467.8223299928422
