time,length,weight
0.0,442.0,715.0
201600.0,524.2942913864531,1475.8924699924123
