time,length,weight
0.0,442.0,715.0
201600.0,523.6277071147603,1466.7387499927393
