time,length,weight
0.0,442.0,715.0
201600.0,525.7719511979532,1490.241299992394
