time,length,weight
0.0,442.0,715.0
201600.0,523.7589736476118,1469.0705299928145
