time,length,weight
0.0,442.0,715.0
201600.0,524.5592583011809,1479.167269992419
