time,length,weight
0.0,442.0,715.0
201600.0,523.4449526983749,1466.3953999925975
