time,length,weight
0.0,442.0,715.0
201600.0,524.1607050915795,1470.9617699928087
