time,length,weight
0.0,442.0,715.0
201600.0,524.3236150188717,1473.11220999241
