time,length,weight
0.0,442.0,715.0
201600.0,525.4677908969576,1486.9231499924406
