time,length,weight
0.0,442.0,715.0
201600.0,525.4621231827181,1490.4704399923146
