time,length,weight
0.0,442.0,715.0
201600.0,524.6076238721453,1476.537819992366
