time,Liver_oc_infest,length,prey_parasitation,weight
0.0,0.0,,,
0.0,,442.0,,715.0
201600.0,0.0,,,
201600.0,,511.96627494131207,,1314.586569994247
