time,Liver_oc_infest,length,prey_parasitation,weight
0.0,0.0,,,
0.0,,442.0,,715.0
201600.0,0.0,,,
201600.0,,513.0920966974697,,1328.2824899939665
