time,Liver_oc_infest,length,prey_parasitation,weight
0.0,0.0,,,
0.0,,442.0,,864.0
201600.0,1.078638698595707,,,
201600.0,,496.8790703231103,,1363.0001099944882
