time,Liver_oc_infest,length,prey_parasitation,weight
0.0,0.0,,,
0.0,,442.0,,864.0
201600.0,1.2490034544858697,,,
201600.0,,500.6999152347918,,1403.1843999936618
