time,Liver_oc_infest,length,prey_parasitation,weight
0.0,0.0,,,
0.0,,442.0,,864.0
201600.0,1.3384965911034998,,,
201600.0,,494.88703400672324,,1334.9580199943907
