time,Liver_oc_infest,length,prey_parasitation,weight
0.0,0.0,,,
0.0,,442.0,,864.0
201600.0,1.2788621197223249,,,
201600.0,,497.8024708140407,,1367.8554499940947
