time,Liver_oc_infest,length,prey_parasitation,weight
0.0,0.0,,,
0.0,,442.0,,864.0
201600.0,1.2436295853831278,,,
201600.0,,499.4275342480369,,1389.7147699939692
