time,Liver_oc_infest,length,prey_parasitation,weight
0.0,0.0,,,
0.0,,442.0,,864.0
201600.0,1.0424148972017027,,,
201600.0,,498.3773662289792,,1375.4689699938763
