time,Liver_oc_infest,length,prey_parasitation,weight
0.0,0.0,,,
0.0,,442.0,,864.0
201600.0,1.2390884965855842,,,
201600.0,,495.3122627037226,,1342.224389994439
