time,Liver_oc_infest,length,prey_parasitation,weight
0.0,0.0,,,
0.0,,442.0,,864.0
201600.0,1.2604278753719542,,,
201600.0,,496.9063743438565,,1360.7871899943807
