time,Liver_oc_infest,length,prey_parasitation,weight
0.0,0.0,,,
0.0,,442.0,,864.0
201600.0,1.3594112976545574,,,
201600.0,,497.3068311006608,,1362.470379994266
