time,Liver_oc_infest,length,prey_parasitation,weight
0.0,0.0,,,
0.0,,442.0,,864.0
201600.0,1.2185483225062947,,,
201600.0,,498.81412189841575,,1381.2224299942145
