time,Liver_oc_infest,length,prey_parasitation,weight
0.0,0.0,,,
0.0,,442.0,,864.0
201600.0,1.2470314107829774,,,
201600.0,,499.0769284409113,,1388.2713599940062
