time,Liver_oc_infest,length,prey_parasitation,weight
0.0,0.0,,,
0.0,,442.0,,864.0
201600.0,1.48854139475683,,,
201600.0,,499.5331843130702,,1391.5344299940368
