time,Liver_oc_infest,length,prey_parasitation,weight
0.0,0.0,,,
0.0,,442.0,,864.0
201600.0,1.281314171314428,,,
201600.0,,497.7850282471341,,1368.4921199941712
