time,Liver_oc_infest,length,prey_parasitation,weight
0.0,0.0,,,
0.0,,442.0,,864.0
201600.0,1.243883004456118,,,
201600.0,,497.51836348458266,,1366.7484599940974
