time,Liver_oc_infest,length,prey_parasitation,weight
0.0,0.0,,,
0.0,,442.0,,864.0
201600.0,1.0972600332683065,,,
201600.0,,495.4795426711074,,1343.9835999942502
