time,Liver_oc_infest,length,prey_parasitation,weight
0.0,0.0,,,
0.0,,442.0,,864.0
201600.0,1.2851592255733593,,,
201600.0,,497.7400203826503,,1369.7843099945526
