time,Liver_oc_infest,length,prey_parasitation,weight
0.0,0.0,,,
0.0,,442.0,,864.0
201600.0,1.259344466193322,,,
201600.0,,495.2094682095932,,1340.7562199942056
