time,Liver_oc_infest,length,prey_parasitation,weight
0.0,0.0,,,
0.0,,442.0,,864.0
201600.0,1.2330773788569511,,,
201600.0,,495.3456735614939,,1345.1657599943287
