time,Liver_oc_infest,length,prey_parasitation,weight
0.0,0.0,,,
0.0,,442.0,,864.0
201600.0,1.1708116215636333,,,
201600.0,,496.56388065595974,,1357.4249099943022
