time,Liver_oc_infest,length,prey_parasitation,weight
0.0,0.0,,,
0.0,,442.0,,864.0
201600.0,1.182412524836142,,,
201600.0,,498.6409517626979,,1378.399599993806
