time,Liver_oc_infest,length,prey_parasitation,weight
0.0,0.0,,,
0.0,,442.0,,605.0
201600.0,0.0,,,
201600.0,,510.53599657401037,,1275.8865199941895
