time,Liver_oc_infest,length,prey_parasitation,weight
0.0,0.0,,,
0.0,,442.0,,864.0
201600.0,0.0,,,
201600.0,,516.001311989116,,1605.4627999906697
