time,Liver_oc_infest,length,prey_parasitation,weight
0.0,0.0,,,
0.0,,442.0,,864.0
201600.0,0.0,,,
201600.0,,517.9677726024697,,1634.495579990642
