time,Liver_oc_infest,length,prey_parasitation,weight
0.0,0.0,,,
0.0,,442.0,,864.0
201600.0,0.0,,,
201600.0,,514.4333399545438,,1584.8094799907997
