time,length,weight
0.0,442.0,715.0
201600.0,507.08084620460636,1262.399039993479
