time,length,weight
0.0,442.0,715.0
201600.0,503.5403736735618,1215.5916399937662
