time,length,weight
0.0,442.0,715.0
201600.0,504.5991926744259,1233.8005199937938
