time,length,weight
0.0,442.0,715.0
201600.0,505.44408080717426,1242.0494299937977
