time,length,weight
0.0,442.0,715.0
201600.0,504.2948516429594,1227.9312899936751
