time,length,weight
0.0,442.0,715.0
201600.0,505.1685616043892,1239.014139993538
