time,length,weight
0.0,442.0,715.0
201600.0,505.3323634646495,1240.4396999937157
