time,length,weight
0.0,442.0,715.0
201600.0,506.2303458042844,1251.0058499937365
