time,length,weight
0.0,442.0,715.0
201600.0,506.8947137723329,1262.9148099937447
