time,length,weight
0.0,442.0,715.0
201600.0,505.1986826005638,1238.3627599935687
