time,length,weight
0.0,442.0,715.0
201600.0,505.37996619071293,1241.6391999937043
