time,length,weight
0.0,442.0,715.0
201600.0,505.55707866947597,1245.8039099937862
