time,length,weight
0.0,442.0,715.0
201600.0,503.9458045372588,1228.8236699938234
