time,length,weight
0.0,442.0,715.0
201600.0,505.00633912459716,1239.8771299939162
