time,length,weight
0.0,442.0,715.0
201600.0,505.5803392516517,1242.1601999935485
