time,length,weight
0.0,442.0,715.0
201600.0,505.4032418906223,1242.9994099935334
