time,length,weight
0.0,442.0,715.0
201600.0,502.60310341339135,1208.9040999940191
