time,length,weight
0.0,442.0,715.0
201600.0,505.1025201838661,1240.4478999938478
