time,Liver_oc_infest,length,prey_parasitation,weight
0.0,0.0,,,
0.0,,442.0,,715.0
201600.0,0.0,,,
201600.0,,521.7331767570776,,1438.8420199922214
