time,length,weight
0.0,442.0,715.0
201600.0,469.13601574803806,878.392339999537
