time,length,weight
0.0,442.0,715.0
201600.0,469.474124276012,880.9225899995138
