time,length,weight
0.0,442.0,715.0
201600.0,468.812408594702,874.5175199995664
