time,length,weight
0.0,442.0,715.0
201600.0,470.6606719594123,889.6431499994433
