time,length,weight
0.0,442.0,715.0
201600.0,470.01143552510166,884.5588599994934
