time,length,weight
0.0,442.0,715.0
201600.0,469.44507488277554,880.0814499995217
