time,length,weight
0.0,442.0,715.0
201600.0,469.1910766627175,878.0055599995369
