time,length,weight
0.0,442.0,715.0
201600.0,469.19953011212857,879.8875799995164
