time,length,weight
0.0,442.0,715.0
201600.0,470.80386904737054,892.6646899994248
