time,length,weight
0.0,442.0,715.0
201600.0,470.18615992781656,885.6301199994825
