time,length,weight
0.0,442.0,715.0
201600.0,468.7309037457538,874.9593299995572
