time,length,weight
0.0,442.0,715.0
201600.0,468.13292814699355,868.3226699996146
