time,length,weight
0.0,442.0,715.0
201600.0,468.1152605710888,868.4304899996107
