time,length,weight
0.0,442.0,715.0
201600.0,469.64232665363767,883.0602199994973
