time,length,weight
0.0,442.0,715.0
201600.0,469.6529481924588,882.091469999508
