time,length,weight
0.0,442.0,715.0
201600.0,469.5603832061351,882.5929899995007
