time,length,weight
0.0,442.0,715.0
201600.0,470.88078164342414,893.3828399994171
