time,length,weight
0.0,442.0,715.0
201600.0,470.910028740703,893.5473999994218
