time,length,weight
0.0,442.0,715.0
201600.0,469.22047275858426,876.3350299995501
