time,Liver_oc_infest,length,prey_parasitation,weight
0.0,0.0,,,
0.0,,442.0,,950.0
201600.0,0.0,,,
201600.0,,523.3043157860295,,1718.1203699899593
